,reviews,rating,ebikes,total_bikes
0,1343,4.0,1,3
1,1710,4.0,1,3
2,485,4.5,1,3
3,267,3.5,1,3
4,44,4.5,1,3
5,287,3.5,1,3
6,407,4.0,1,3
7,143,3.5,1,3
8,241,4.0,1,3
9,216,3.5,1,3
10,190,4.0,1,3
11,404,4.0,1,3
12,719,4.0,1,3
13,50,4.0,1,3
14,167,4.0,1,3
15,275,4.5,1,3
16,48,3.0,1,3
17,201,4.5,1,3
18,251,4.5,1,3
19,41,4.0,1,3
20,2962,4.5,0,6
21,354,4.0,0,6
22,254,4.0,0,6
23,265,4.0,0,6
24,154,4.0,0,6
25,95,5.0,0,6
26,408,3.5,0,6
27,266,4.5,0,6
28,588,3.5,0,6
29,126,4.0,0,6
30,63,4.0,0,6
31,64,3.5,0,6
32,25,4.0,0,6
33,21,3.5,2,6
34,205,5.0,2,6
35,67,4.5,2,6
36,88,4.5,2,6
37,85,4.5,2,6
38,155,4.5,2,6
39,27,4.0,2,6
40,7,3.5,2,6
41,5,2.5,2,6
42,8,3.5,2,6
43,0,0.0,2,6
44,719,4.0,0,3
45,201,4.5,0,3
46,253,4.5,0,3
47,96,4.5,0,3
48,881,3.5,0,3
49,404,4.0,0,3
50,1343,4.0,0,3
51,147,4.5,0,3
52,93,4.5,0,3
53,105,5.0,0,3
54,1710,4.0,0,3
55,87,4.0,0,3
56,77,4.5,0,3
57,174,4.0,0,3
58,943,4.5,0,3
59,56,4.5,0,3
60,299,4.0,0,3
61,167,4.0,0,3
62,275,4.5,0,3
63,251,4.5,0,3
64,218,4.0,4,3
65,102,4.0,4,3
66,93,4.0,4,3
67,40,4.5,4,3
68,204,4.5,4,3
69,91,5.0,4,3
70,387,3.5,4,3
71,106,4.5,4,3
72,52,4.5,4,3
73,60,4.5,4,3
74,136,3.5,4,3
75,20,4.0,4,3
76,42,3.0,4,3
77,1289,4.5,1,10
78,398,4.5,1,10
79,212,4.5,1,10
80,480,4.0,1,10
81,146,5.0,1,10
82,236,4.5,1,10
83,256,4.5,1,10
84,528,4.0,1,10
85,295,4.0,1,10
86,239,4.5,1,10
87,599,3.5,1,10
88,421,3.5,1,10
89,477,3.5,1,10
90,74,4.5,1,10
91,77,4.5,1,10
92,254,4.0,1,10
93,122,4.0,1,10
94,109,4.5,1,10
95,13,4.5,1,10
96,26,5.0,1,10
97,1971,4.0,12,17
98,2409,4.5,12,17
99,1054,4.0,12,17
100,597,4.0,12,17
101,228,4.0,12,17
102,225,4.0,12,17
103,3427,4.0,12,17
104,522,4.5,12,17
105,1812,4.0,12,17
106,925,4.5,12,17
107,714,4.0,12,17
108,1225,4.0,12,17
109,713,4.0,12,17
110,499,4.0,12,17
111,3285,4.0,12,17
112,233,4.0,12,17
113,30,4.5,12,17
114,576,4.5,12,17
115,842,3.5,12,17
116,1509,4.0,12,17
117,480,4.0,5,18
118,1289,4.5,5,18
119,398,4.5,5,18
120,236,4.5,5,18
121,528,4.0,5,18
122,212,4.5,5,18
123,256,4.5,5,18
124,477,3.5,5,18
125,239,4.5,5,18
126,421,3.5,5,18
127,122,4.0,5,18
128,77,4.5,5,18
129,84,4.5,5,18
130,252,4.0,5,18
131,13,4.5,5,18
132,599,3.5,5,18
133,254,4.0,5,18
134,59,4.0,5,18
135,12,4.5,5,18
136,56,2.0,5,18
137,160,4.5,2,6
138,310,4.5,2,6
139,1345,4.5,2,6
140,212,4.5,2,6
141,364,4.5,2,6
142,400,4.0,2,6
143,426,4.0,2,6
144,384,4.5,2,6
145,458,4.5,2,6
146,500,4.0,2,6
147,420,4.5,2,6
148,614,4.5,2,6
149,90,4.5,2,6
150,86,3.5,2,6
151,330,4.0,2,6
152,766,4.0,2,6
153,29,4.5,2,6
154,382,4.5,2,6
155,240,4.0,2,6
156,153,4.5,2,6
157,121,4.5,1,14
158,243,4.0,1,14
159,838,4.5,1,14
160,841,4.5,1,14
161,111,4.5,1,14
162,260,4.5,1,14
163,1110,4.5,1,14
164,84,4.5,1,14
165,508,4.0,1,14
166,507,4.5,1,14
167,214,3.5,1,14
168,608,4.5,1,14
169,453,4.0,1,14
170,527,4.0,1,14
171,138,4.5,1,14
172,486,4.0,1,14
173,340,4.5,1,14
174,243,4.0,1,14
175,68,4.5,1,14
176,336,4.0,1,14
177,314,4.5,1,16
178,604,4.0,1,16
179,490,4.0,1,16
180,789,4.5,1,16
181,640,3.5,1,16
182,305,4.5,1,16
183,38,4.5,1,16
184,84,4.0,1,16
185,20,4.0,1,16
186,383,3.5,1,16
187,72,3.5,1,16
188,22,3.5,1,16
189,14,4.0,1,16
190,17,3.5,1,16
191,0,0.0,1,16
192,7,3.0,1,16
193,1106,4.0,2,18
194,78,4.5,2,18
195,1076,4.5,2,18
196,120,4.0,2,18
197,1308,4.5,2,18
198,406,4.5,2,18
199,420,4.0,2,18
200,216,4.5,2,18
201,266,3.5,2,18
202,630,4.5,2,18
203,139,4.5,2,18
204,228,4.5,2,18
205,107,4.0,2,18
206,34,4.0,2,18
207,53,4.0,2,18
208,688,4.0,2,18
209,126,4.0,2,18
210,217,4.0,2,18
211,80,4.5,2,18
212,315,4.0,2,18
213,604,4.0,1,10
214,314,4.5,1,10
215,1078,4.5,1,10
216,640,3.5,1,10
217,383,3.5,1,10
218,305,4.5,1,10
219,597,4.0,1,10
220,318,4.0,1,10
221,105,5.0,1,10
222,50,4.5,1,10
223,136,4.5,1,10
224,220,4.0,1,10
225,789,4.5,1,10
226,114,4.5,1,10
227,190,3.5,1,10
228,110,4.5,1,10
229,163,4.5,1,10
230,127,4.0,1,10
231,38,4.5,1,10
232,586,3.5,1,10
233,96,4.5,2,11
234,881,3.5,2,11
235,253,4.5,2,11
236,174,4.0,2,11
237,93,4.5,2,11
238,719,4.0,2,11
239,105,5.0,2,11
240,404,4.0,2,11
241,1343,4.0,2,11
242,77,4.5,2,11
243,147,4.5,2,11
244,1710,4.0,2,11
245,201,4.5,2,11
246,38,4.0,2,11
247,943,4.5,2,11
248,197,4.5,2,11
249,167,4.0,2,11
250,23,4.5,2,11
251,299,4.0,2,11
252,56,4.5,2,11
253,629,4.5,2,5
254,555,4.0,2,5
255,441,4.0,2,5
256,404,4.0,2,5
257,245,4.0,2,5
258,511,4.5,2,5
259,8257,4.5,2,5
260,501,4.5,2,5
261,576,4.0,2,5
262,194,4.5,2,5
263,1610,4.0,2,5
264,457,4.0,2,5
265,541,4.0,2,5
266,841,4.5,2,5
267,103,4.0,2,5
268,1110,4.5,2,5
269,162,4.0,2,5
270,1288,4.0,2,5
271,569,4.0,2,5
272,314,4.0,2,5
273,1743,4.5,2,14
274,362,5.0,2,14
275,4899,4.5,2,14
276,3285,4.0,2,14
277,83,4.5,2,14
278,251,4.5,2,14
279,190,3.5,2,14
280,113,4.5,2,14
281,440,4.5,2,14
282,443,3.5,2,14
283,164,4.5,2,14
284,223,4.0,2,14
285,714,4.0,2,14
286,516,4.5,2,14
287,590,4.0,2,14
288,457,4.0,2,14
289,1403,4.0,2,14
290,424,4.0,2,14
291,742,4.0,2,14
292,221,4.5,2,14
293,821,4.5,4,10
294,451,4.0,4,10
295,705,4.0,4,10
296,272,4.0,4,10
297,1296,4.0,4,10
298,4181,4.5,4,10
299,76,4.5,4,10
300,380,4.5,4,10
301,268,4.0,4,10
302,197,4.5,4,10
303,319,4.5,4,10
304,155,4.5,4,10
305,90,4.5,4,10
306,639,4.0,4,10
307,891,4.5,4,10
308,412,4.0,4,10
309,260,4.0,4,10
310,283,4.0,4,10
311,572,4.0,4,10
312,195,4.5,4,10
313,245,4.0,1,18
314,223,4.0,1,18
315,403,4.0,1,18
316,945,4.0,1,18
317,338,4.0,1,18
318,846,4.5,1,18
319,128,4.0,1,18
320,1055,4.0,1,18
321,267,4.0,1,18
322,118,4.5,1,18
323,95,4.5,1,18
324,82,4.5,1,18
325,77,3.5,1,18
326,155,4.5,1,18
327,47,4.5,1,18
328,60,4.5,1,18
329,502,4.5,1,18
330,240,4.5,1,18
331,271,4.5,1,18
332,499,3.5,1,18
333,577,4.5,6,18
334,925,4.5,6,18
335,3202,4.5,6,18
336,92,5.0,6,18
337,97,4.5,6,18
338,339,4.0,6,18
339,1971,4.0,6,18
340,1812,4.0,6,18
341,522,4.5,6,18
342,197,4.5,6,18
343,84,4.5,6,18
344,305,4.5,6,18
345,380,4.5,6,18
346,18,4.0,6,18
347,371,4.5,6,18
348,132,4.5,6,18
349,295,4.5,6,18
350,205,4.0,6,18
351,891,4.5,6,18
352,1088,4.0,6,18
353,1329,4.0,3,6
354,191,4.5,3,6
355,1076,4.5,3,6
356,390,3.0,3,6
357,470,3.0,3,6
358,186,4.0,3,6
359,968,4.0,3,6
360,465,4.0,3,6
361,1337,4.0,3,6
362,873,4.0,3,6
363,72,4.5,3,6
364,362,4.0,3,6
365,121,4.5,3,6
366,374,4.5,3,6
367,496,4.0,3,6
368,1095,4.5,3,6
369,374,4.5,3,6
370,114,4.5,3,6
371,88,4.0,3,6
372,105,5.0,3,6
373,3427,4.0,13,18
374,576,4.5,13,18
375,499,4.0,13,18
376,925,4.5,13,18
377,1971,4.0,13,18
378,1812,4.0,13,18
379,517,4.0,13,18
380,779,4.0,13,18
381,1054,4.0,13,18
382,2409,4.5,13,18
383,355,4.0,13,18
384,3202,4.5,13,18
385,225,4.0,13,18
386,713,4.0,13,18
387,597,4.0,13,18
388,904,4.5,13,18
389,840,3.5,13,18
390,747,4.0,13,18
391,355,4.0,13,18
392,1225,4.0,13,18
393,197,4.5,4,10
394,380,4.5,4,10
395,334,4.0,4,10
396,306,3.0,4,10
397,374,3.5,4,10
398,891,4.5,4,10
399,111,4.0,4,10
400,476,3.5,4,10
401,336,3.5,4,10
402,591,4.0,4,10
403,705,4.0,4,10
404,1296,4.0,4,10
405,181,4.0,4,10
406,129,3.0,4,10
407,639,4.0,4,10
408,49,4.0,4,10
409,821,4.5,4,10
410,44,4.5,4,10
411,185,4.0,4,10
412,451,4.0,4,10
413,705,4.0,4,12
414,268,4.0,4,12
415,185,4.0,4,12
416,76,4.5,4,12
417,44,4.5,4,12
418,380,4.5,4,12
419,196,3.5,4,12
420,272,4.0,4,12
421,197,4.5,4,12
422,155,4.5,4,12
423,821,4.5,4,12
424,1296,4.0,4,12
425,17,4.5,4,12
426,891,4.5,4,12
427,451,4.0,4,12
428,4181,4.5,4,12
429,199,3.5,4,12
430,545,4.0,4,12
431,639,4.0,4,12
432,336,3.5,4,12
433,95,4.0,1,15
434,144,4.5,1,15
435,346,4.0,1,15
436,182,4.5,1,15
437,186,4.5,1,15
438,545,4.0,1,15
439,86,3.5,1,15
440,300,4.0,1,15
441,93,3.5,1,15
442,168,3.5,1,15
443,18,4.0,1,15
444,22,5.0,1,15
445,140,4.0,1,15
446,140,4.0,1,15
447,117,3.5,1,15
448,86,4.5,1,15
449,28,4.0,1,15
450,83,3.5,1,15
451,6,4.0,1,15
452,195,4.5,1,15
453,118,4.5,15,14
454,945,4.0,15,14
455,1055,4.0,15,14
456,47,4.5,15,14
457,925,4.5,15,14
458,3427,4.0,15,14
459,3202,4.5,15,14
460,128,4.0,15,14
461,79,4.0,15,14
462,340,4.0,15,14
463,155,4.5,15,14
464,328,4.0,15,14
465,502,4.5,15,14
466,517,4.0,15,14
467,178,4.5,15,14
468,301,4.0,15,14
469,226,4.5,15,14
470,1060,3.5,15,14
471,1088,4.0,15,14
472,779,4.0,15,14
473,295,3.5,8,12
474,3427,4.0,8,12
475,945,4.0,8,12
476,576,4.5,8,12
477,499,4.0,8,12
478,328,4.0,8,12
479,517,4.0,8,12
480,178,4.5,8,12
481,118,4.5,8,12
482,519,4.0,8,12
483,779,4.0,8,12
484,846,4.5,8,12
485,126,4.0,8,12
486,355,4.0,8,12
487,904,4.5,8,12
488,1055,4.0,8,12
489,306,4.0,8,12
490,245,4.0,8,12
491,362,5.0,8,12
492,1403,4.0,8,12
493,72,4.5,2,14
494,548,4.0,2,14
495,871,3.5,2,14
496,518,4.0,2,14
497,390,4.0,2,14
498,821,4.5,2,14
499,879,4.0,2,14
500,193,3.5,2,14
501,451,4.0,2,14
502,237,4.5,2,14
503,90,4.5,2,14
504,1296,4.0,2,14
505,4181,4.5,2,14
506,406,4.5,2,14
507,319,4.5,2,14
508,239,4.5,2,14
509,359,4.0,2,14
510,195,4.5,2,14
511,705,4.0,2,14
512,600,4.0,2,14
513,859,4.5,3,18
514,853,4.5,3,18
515,620,4.5,3,18
516,229,4.5,3,18
517,94,4.5,3,18
518,234,5.0,3,18
519,521,3.5,3,18
520,118,4.5,3,18
521,116,4.0,3,18
522,264,4.5,3,18
523,102,4.5,3,18
524,114,5.0,3,18
525,1273,3.5,3,18
526,88,4.5,3,18
527,53,4.5,3,18
528,161,4.0,3,18
529,269,4.5,3,18
530,494,4.0,3,18
531,64,4.0,3,18
532,151,4.0,3,18
533,51,3.5,7,19
534,95,4.5,7,19
535,127,3.0,7,19
536,83,4.0,7,19
537,17,3.5,7,19
538,75,3.5,7,19
539,17,3.5,7,19
540,451,4.0,3,18
541,821,4.5,3,18
542,4181,4.5,3,18
543,1296,4.0,3,18
544,260,4.0,3,18
545,369,3.0,3,18
546,319,4.5,3,18
547,283,4.0,3,18
548,191,3.5,3,18
549,249,4.0,3,18
550,705,4.0,3,18
551,197,4.5,3,18
552,412,4.0,3,18
553,380,4.5,3,18
554,639,4.0,3,18
555,676,4.0,3,18
556,539,4.0,3,18
557,891,4.5,3,18
558,265,4.0,3,18
559,95,4.0,3,18
560,415,4.0,2,18
561,371,4.0,2,18
562,500,4.0,2,18
563,454,4.0,2,18
564,962,3.5,2,18
565,1562,4.0,2,18
566,479,4.0,2,18
567,125,4.5,2,18
568,1314,4.0,2,18
569,475,4.0,2,18
570,170,4.0,2,18
571,547,4.0,2,18
572,454,4.5,2,18
573,210,4.0,2,18
574,438,3.5,2,18
575,321,3.5,2,18
576,229,4.0,2,18
577,581,4.5,2,18
578,258,4.0,2,18
579,54,4.5,2,18
580,853,4.5,4,12
581,620,4.5,4,12
582,859,4.5,4,12
583,521,3.5,4,12
584,102,4.5,4,12
585,118,4.5,4,12
586,114,5.0,4,12
587,264,4.5,4,12
588,1273,3.5,4,12
589,494,4.0,4,12
590,274,4.0,4,12
591,234,5.0,4,12
592,151,4.0,4,12
593,39,4.0,4,12
594,469,3.5,4,12
595,73,4.0,4,12
596,229,4.5,4,12
597,130,4.5,4,12
598,217,4.5,4,12
599,88,4.5,4,12
600,179,3.5,1,12
601,156,4.5,1,12
602,109,4.5,1,12
603,245,4.5,1,12
604,1743,4.5,7,18
605,251,4.5,7,18
606,164,4.5,7,18
607,4899,4.5,7,18
608,440,4.5,7,18
609,590,4.0,7,18
610,424,4.0,7,18
611,595,4.5,7,18
612,516,4.5,7,18
613,742,4.0,7,18
614,3285,4.0,7,18
615,688,4.0,7,18
616,1151,4.0,7,18
617,615,3.5,7,18
618,256,4.5,7,18
619,395,3.5,7,18
620,381,4.5,7,18
621,187,5.0,7,18
622,1099,4.0,7,18
623,929,3.5,7,18
624,1971,4.0,6,18
625,1812,4.0,6,18
626,2409,4.5,6,18
627,747,4.0,6,18
628,1225,4.0,6,18
629,576,4.5,6,18
630,295,4.5,6,18
631,205,4.0,6,18
632,3427,4.0,6,18
633,713,4.0,6,18
634,925,4.5,6,18
635,355,4.0,6,18
636,522,4.5,6,18
637,404,3.5,6,18
638,233,4.0,6,18
639,266,4.0,6,18
640,3202,4.5,6,18
641,517,4.0,6,18
642,779,4.0,6,18
643,499,4.0,6,18
644,490,4.0,8,27
645,175,3.5,8,27
646,685,3.0,8,27
647,228,4.0,8,27
648,225,4.0,8,27
649,200,4.0,8,27
650,94,3.5,8,27
651,377,4.5,8,27
652,363,4.0,8,27
653,46,4.0,8,27
654,50,4.5,8,27
655,344,4.0,8,27
656,423,3.5,8,27
657,59,4.0,8,27
658,19,3.5,8,27
659,200,2.5,8,27
660,45,4.0,8,27
661,19,4.0,8,27
662,17,3.5,8,27
663,12,4.0,8,27
664,377,4.5,1,12
665,363,4.0,1,12
666,917,4.5,1,12
667,225,4.0,1,12
668,589,4.0,1,12
669,948,4.0,1,12
670,262,4.5,1,12
671,344,4.0,1,12
672,228,4.0,1,12
673,59,4.0,1,12
674,183,4.5,1,12
675,46,4.0,1,12
676,45,4.0,1,12
677,406,4.5,1,12
678,50,4.5,1,12
679,140,3.0,1,12
680,69,4.5,1,12
681,200,3.5,1,12
682,79,4.0,1,12
683,137,3.5,1,12
684,620,4.0,0,3
685,48,4.5,0,3
686,519,4.0,0,3
687,71,4.5,0,3
688,709,4.0,0,3
689,293,4.5,0,3
690,183,4.0,0,3
691,546,4.0,0,3
692,1533,4.5,0,3
693,104,5.0,0,3
694,245,3.5,0,3
695,107,4.5,0,3
696,876,4.0,0,3
697,288,3.5,0,3
698,41,4.0,0,3
699,171,4.0,0,3
700,118,4.0,0,3
701,255,4.5,0,3
702,314,4.0,0,3
703,116,4.5,0,3
704,2962,4.5,0,12
705,354,4.0,0,12
706,254,4.0,0,12
707,95,5.0,0,12
708,408,3.5,0,12
709,266,4.5,0,12
710,154,4.0,0,12
711,634,4.5,0,12
712,265,4.0,0,12
713,25,4.0,0,12
714,126,4.0,0,12
715,64,3.5,0,12
716,88,4.5,0,12
717,63,4.0,0,12
718,56,4.0,0,12
719,79,3.5,0,12
720,485,4.5,2,5
721,1710,4.0,2,5
722,1343,4.0,2,5
723,143,3.5,2,5
724,719,4.0,2,5
725,216,3.5,2,5
726,190,4.0,2,5
727,241,4.0,2,5
728,44,4.5,2,5
729,201,4.0,2,5
730,267,3.5,2,5
731,407,4.0,2,5
732,48,3.0,2,5
733,275,4.5,2,5
734,287,3.5,2,5
735,251,4.5,2,5
736,50,4.0,2,5
737,41,4.0,2,5
738,945,4.0,1,18
739,128,4.0,1,18
740,846,4.5,1,18
741,245,4.0,1,18
742,118,4.5,1,18
743,1055,4.0,1,18
744,82,4.5,1,18
745,403,4.0,1,18
746,60,4.5,1,18
747,223,4.0,1,18
748,315,4.0,1,18
749,338,4.0,1,18
750,47,4.5,1,18
751,502,4.5,1,18
752,240,4.5,1,18
753,321,4.5,1,18
754,155,4.5,1,18
755,635,3.5,1,18
756,271,4.5,1,18
757,233,4.0,1,18
758,1610,4.0,0,3
759,501,4.5,0,3
760,130,4.0,0,3
761,629,4.5,0,3
762,192,4.0,0,3
763,564,4.5,0,3
764,162,4.0,0,3
765,1288,4.0,0,3
766,194,4.5,0,3
767,150,4.5,0,3
768,511,4.5,0,3
769,573,4.0,0,3
770,541,4.0,0,3
771,555,4.0,0,3
772,576,4.0,0,3
773,441,4.0,0,3
774,457,4.0,0,3
775,339,4.5,0,3
776,569,4.0,0,3
777,404,4.0,0,3
778,316,4.0,0,3
779,684,4.0,0,3
780,83,4.0,0,3
781,137,4.5,0,3
782,503,4.5,0,3
783,135,4.0,0,3
784,165,4.5,0,3
785,166,4.5,0,3
786,157,4.0,0,3
787,208,4.5,0,3
788,113,3.5,0,3
789,62,3.5,0,3
790,361,4.0,0,3
791,122,3.5,0,3
792,336,4.0,0,3
793,52,3.5,0,3
794,233,4.0,0,3
795,4,3.5,0,3
796,112,4.0,0,3
797,93,4.0,0,3
798,127,4.5,0,3
799,131,4.0,0,3
800,166,3.5,0,3
801,197,4.0,0,3
802,196,4.0,0,3
803,58,4.5,0,3
804,171,4.0,0,3
805,82,3.5,0,3
806,9,2.5,0,3
807,676,4.5,1,12
808,62,4.5,1,12
809,427,4.0,1,12
810,657,4.0,1,12
811,293,4.5,1,12
812,270,4.5,1,12
813,269,4.0,1,12
814,188,4.5,1,12
815,203,4.0,1,12
816,275,3.5,1,12
817,218,3.0,1,12
818,216,3.0,1,12
819,293,4.0,1,12
820,174,4.0,1,12
821,219,3.0,1,12
822,45,4.0,1,12
823,12,2.0,1,12
824,105,5.0,8,18
825,318,4.0,8,18
826,597,4.0,8,18
827,136,4.5,8,18
828,1078,4.5,8,18
829,220,4.0,8,18
830,2100,4.5,8,18
831,968,4.0,8,18
832,121,4.0,8,18
833,129,4.0,8,18
834,190,3.5,8,18
835,216,4.5,8,18
836,50,4.5,8,18
837,110,4.5,8,18
838,1076,4.5,8,18
839,586,3.5,8,18
840,139,4.5,8,18
841,284,4.0,8,18
842,112,4.0,8,18
843,513,4.0,8,18
844,360,4.0,0,12
845,361,4.0,0,12
846,243,4.0,0,12
847,486,4.0,0,12
848,58,4.5,0,12
849,197,4.5,0,12
850,70,4.0,0,12
851,394,4.5,0,12
852,77,5.0,0,12
853,30,3.5,0,12
854,260,4.5,0,12
855,421,3.5,0,12
856,121,4.5,0,12
857,1110,4.5,0,12
858,382,3.5,0,12
859,97,3.5,0,12
860,507,4.5,0,12
861,98,3.0,0,12
862,214,3.5,0,12
863,608,4.5,0,12
864,628,3.5,3,18
865,1076,4.5,3,18
866,968,4.0,3,18
867,169,4.0,3,18
868,1106,4.0,3,18
869,112,4.0,3,18
870,316,4.5,3,18
871,1329,4.0,3,18
872,181,4.5,3,18
873,220,4.0,3,18
874,318,4.0,3,18
875,597,4.0,3,18
876,284,4.0,3,18
877,513,4.0,3,18
878,1337,4.0,3,18
879,50,4.5,3,18
880,148,4.5,3,18
881,1095,4.5,3,18
882,374,4.5,3,18
883,465,4.0,3,18
884,853,4.5,1,12
885,469,3.5,1,12
886,130,4.5,1,12
887,102,4.5,1,12
888,217,4.5,1,12
889,264,4.5,1,12
890,620,4.5,1,12
891,859,4.5,1,12
892,73,4.0,1,12
893,115,4.5,1,12
894,67,4.5,1,12
895,234,4.0,1,12
896,132,3.5,1,12
897,118,4.5,1,12
898,521,3.5,1,12
899,151,4.0,1,12
900,114,5.0,1,12
901,1273,3.5,1,12
902,88,4.5,1,12
903,78,4.0,1,12
904,159,4.0,1,13
905,87,4.0,1,13
906,352,4.5,1,13
907,227,4.0,1,13
908,122,4.5,1,13
909,1697,4.0,1,13
910,373,4.5,1,13
911,141,4.5,1,13
912,111,4.5,1,13
913,246,4.5,1,13
914,138,4.5,1,13
915,527,4.0,1,13
916,80,4.5,1,13
917,165,4.5,1,13
918,121,3.5,1,13
919,68,4.5,1,13
920,156,4.0,1,13
921,187,3.5,1,13
922,65,4.5,1,13
923,20,3.5,1,13
924,153,4.5,1,2
925,71,4.5,1,2
926,10,5.0,1,2
927,38,4.5,1,2
928,45,4.0,1,2
929,42,2.0,1,2
930,1610,4.0,1,3
931,501,4.5,1,3
932,162,4.0,1,3
933,8257,4.5,1,3
934,629,4.5,1,3
935,150,4.5,1,3
936,192,4.0,1,3
937,573,4.0,1,3
938,130,4.0,1,3
939,564,4.5,1,3
940,511,4.5,1,3
941,194,4.5,1,3
942,314,4.0,1,3
943,152,4.5,1,3
944,555,4.0,1,3
945,1288,4.0,1,3
946,138,5.0,1,3
947,576,4.0,1,3
948,541,4.0,1,3
949,448,4.0,1,3
950,4045,4.5,6,5
951,408,4.5,6,5
952,192,4.5,6,5
953,752,4.5,6,5
954,1029,4.0,6,5
955,1872,4.5,6,5
956,365,4.0,6,5
957,298,4.0,6,5
958,649,4.5,6,5
959,1394,4.5,6,5
960,167,4.5,6,5
961,431,4.5,6,5
962,107,5.0,6,5
963,1559,4.0,6,5
964,186,3.5,6,5
965,197,3.5,6,5
966,234,4.0,6,5
967,192,4.0,6,5
968,306,4.0,6,5
969,78,4.5,6,5
970,192,4.5,1,5
971,4045,4.5,1,5
972,107,5.0,1,5
973,408,4.5,1,5
974,167,4.5,1,5
975,752,4.5,1,5
976,1872,4.5,1,5
977,1394,4.5,1,5
978,181,4.5,1,5
979,1029,4.0,1,5
980,194,4.5,1,5
981,492,4.5,1,5
982,117,4.0,1,5
983,298,4.0,1,5
984,112,3.0,1,5
985,365,4.0,1,5
986,305,3.5,1,5
987,290,4.0,1,5
988,97,3.5,1,5
989,178,4.5,1,5
990,722,4.0,0,12
991,1201,4.5,0,12
992,170,4.5,0,12
993,42,4.5,0,12
994,58,4.5,0,12
995,129,4.0,0,12
996,169,3.0,0,12
997,99,2.5,0,12
998,102,3.5,0,12
999,191,2.5,0,12
1000,225,2.5,0,12
1001,27,3.5,0,12
1002,24,3.5,0,12
1003,16,3.0,0,12
1004,4,5.0,0,12
1005,59,3.5,0,12
1006,76,3.5,0,12
1007,10,3.5,0,12
1008,97,2.0,0,12
1009,93,1.5,0,12
1010,186,4.5,1,8
1011,82,5.0,1,8
1012,107,4.5,1,8
1013,182,4.5,1,8
1014,246,5.0,1,8
1015,86,4.5,1,8
1016,346,4.0,1,8
1017,58,4.5,1,8
1018,109,4.0,1,8
1019,300,4.0,1,8
1020,95,4.0,1,8
1021,56,3.5,1,8
1022,140,4.0,1,8
1023,55,3.5,1,8
1024,93,3.5,1,8
1025,28,4.0,1,8
1026,25,3.0,1,8
1027,18,4.0,1,8
1028,6,4.0,1,8
1029,326,4.5,4,15
1030,83,4.5,4,15
1031,145,4.5,4,15
1032,54,5.0,4,15
1033,116,4.0,4,15
1034,453,3.0,4,15
1035,66,4.5,4,15
1036,149,4.0,4,15
1037,31,4.5,4,15
1038,254,3.5,4,15
1039,120,4.0,4,15
1040,37,4.5,4,15
1041,26,4.0,4,15
1042,43,2.5,4,15
1043,14,4.0,4,15
1044,19,3.0,4,15
1045,95,3.5,2,8
1046,273,4.5,2,8
1047,341,4.5,2,8
1048,102,3.5,2,8
1049,722,4.0,2,8
1050,42,4.5,2,8
1051,38,4.5,2,8
1052,225,2.5,2,8
1053,35,5.0,2,8
1054,1221,3.5,2,8
1055,155,2.5,2,8
1056,170,4.5,2,8
1057,290,3.0,2,8
1058,92,3.0,2,8
1059,83,3.5,2,8
1060,16,3.0,2,8
1061,169,3.0,2,8
1062,6,4.5,2,8
1063,10,3.5,2,8
1064,99,2.5,2,8
1065,95,3.5,0,8
1066,219,4.5,0,8
1067,273,4.5,0,8
1068,83,3.5,0,8
1069,389,4.5,0,8
1070,42,4.5,0,8
1071,38,4.5,0,8
1072,1221,3.5,0,8
1073,481,4.0,0,8
1074,341,4.5,0,8
1075,35,5.0,0,8
1076,92,3.0,0,8
1077,380,4.5,0,8
1078,6,4.5,0,8
1079,102,3.5,0,8
1080,290,3.0,0,8
1081,55,4.5,0,8
1082,169,3.0,0,8
1083,155,2.5,0,8
1084,225,2.5,0,8
1085,914,4.0,1,18
1086,130,4.5,1,18
1087,769,3.5,1,18
1088,107,4.5,1,18
1089,161,4.0,1,18
1090,244,4.5,1,18
1091,135,4.0,1,18
1092,469,3.5,1,18
1093,133,4.5,1,18
1094,155,4.5,1,18
1095,132,3.5,1,18
1096,70,2.0,1,18
1097,3,1.0,1,18
1098,2187,4.0,1,18
1099,1235,4.0,1,18
1100,216,4.5,1,18
1101,688,4.0,1,18
1102,840,4.0,1,18
1103,152,4.5,1,18
1104,324,4.0,1,18
1105,194,4.0,1,18
1106,225,4.5,1,18
1107,341,4.0,1,18
1108,245,3.5,1,18
1109,166,4.0,1,18
1110,477,3.5,1,18
1111,51,4.0,1,18
1112,320,3.5,1,18
1113,55,3.5,1,18
1114,144,4.0,1,18
1115,108,4.0,1,18
1116,11,4.0,1,18
1117,233,3.5,1,18
1118,8257,4.5,0,11
1119,324,4.0,0,11
1120,162,4.0,0,11
1121,341,4.0,0,11
1122,541,4.0,0,11
1123,437,4.0,0,11
1124,325,4.5,0,11
1125,225,4.5,0,11
1126,27,3.5,0,11
1127,448,4.0,0,11
1128,767,4.0,0,11
1129,501,4.5,0,11
1130,297,4.5,0,11
1131,840,4.0,0,11
1132,841,4.5,0,11
1133,569,4.0,0,11
1134,629,4.5,0,11
1135,1235,4.0,0,11
1136,194,4.5,0,11
1137,569,3.5,0,11
1138,103,4.0,0,18
1139,338,3.5,0,18
1140,252,4.0,0,18
1141,149,4.5,0,18
1142,254,4.0,0,18
1143,72,3.5,0,18
1144,12,4.5,0,18
1145,14,4.0,0,18
1146,508,4.0,0,18
1147,260,4.5,0,18
1148,340,4.5,0,18
1149,608,4.5,0,18
1150,118,3.5,0,18
1151,121,4.5,0,18
1152,111,4.5,0,18
1153,453,4.0,0,18
1154,138,4.5,0,18
1155,246,4.5,0,18
1156,486,4.0,0,18
1157,147,4.0,0,18
1158,336,4.0,0,18
1159,243,4.0,0,18
1160,65,4.5,0,18
1161,360,4.0,0,18
1162,214,3.5,0,18
1163,156,4.0,0,18
1164,58,4.5,0,18
1165,70,4.0,0,18
1166,565,5.0,2,3
1167,1928,4.5,2,3
1168,260,4.0,2,3
1169,649,4.5,2,3
1170,769,3.5,2,3
1171,372,4.0,2,3
1172,431,4.5,2,3
1173,1394,4.5,2,3
1174,914,4.0,2,3
1175,204,4.5,2,3
1176,111,4.5,2,3
1177,491,4.0,2,3
1178,95,4.0,2,3
1179,1559,4.0,2,3
1180,192,4.0,2,3
1181,107,4.5,2,3
1182,161,4.0,2,3
1183,234,4.0,2,3
1184,78,4.5,2,3
1185,306,4.0,2,3
1186,769,3.5,1,5
1187,914,4.0,1,5
1188,107,4.5,1,5
1189,161,4.0,1,5
1190,565,5.0,1,5
1191,1928,4.5,1,5
1192,244,4.5,1,5
1193,105,4.5,1,5
1194,95,4.0,1,5
1195,491,4.0,1,5
1196,205,4.5,1,5
1197,260,4.0,1,5
1198,155,4.5,1,5
1199,116,4.5,1,5
1200,150,4.5,1,5
1201,111,4.5,1,5
1202,372,4.0,1,5
1203,138,4.5,1,5
1204,80,5.0,1,5
1205,116,4.5,1,5
1206,2100,4.5,4,6
1207,162,4.5,4,6
1208,406,4.5,4,6
1209,1308,4.5,4,6
1210,612,4.0,4,6
1211,36,4.0,4,6
1212,732,4.0,4,6
1213,1094,4.0,4,6
1214,346,4.5,4,6
1215,139,4.5,4,6
1216,246,4.5,4,6
1217,315,4.0,4,6
1218,310,4.5,4,6
1219,210,4.0,4,6
1220,148,4.5,4,6
1221,157,4.5,4,6
1222,374,4.5,4,6
1223,89,4.5,4,6
1224,61,5.0,4,6
1225,312,4.0,4,6
1226,3427,4.0,4,18
1227,3285,4.0,4,18
1228,4899,4.5,4,18
1229,499,4.0,4,18
1230,519,4.0,4,18
1231,576,4.5,4,18
1232,355,4.0,4,18
1233,126,4.0,4,18
1234,2409,4.5,4,18
1235,117,3.5,4,18
1236,1971,4.0,4,18
1237,1812,4.0,4,18
1238,517,4.0,4,18
1239,328,4.0,4,18
1240,251,4.5,4,18
1241,306,4.0,4,18
1242,1403,4.0,4,18
1243,178,4.5,4,18
1244,522,4.5,4,18
1245,714,4.0,4,18
1246,709,4.0,0,18
1247,171,4.0,0,18
1248,546,4.0,0,18
1249,519,4.0,0,18
1250,118,4.0,0,18
1251,1533,4.5,0,18
1252,384,4.5,0,18
1253,303,4.0,0,18
1254,458,4.5,0,18
1255,135,4.0,0,18
1256,876,4.0,0,18
1257,420,4.5,0,18
1258,179,4.0,0,18
1259,116,4.0,0,18
1260,71,4.5,0,18
1261,620,4.0,0,18
1262,766,4.0,0,18
1263,104,5.0,0,18
1264,116,4.5,0,18
1265,69,4.5,0,18
1266,384,4.5,2,18
1267,458,4.5,2,18
1268,153,4.5,2,18
1269,420,4.5,2,18
1270,766,4.0,2,18
1271,69,4.5,2,18
1272,135,4.0,2,18
1273,179,4.0,2,18
1274,140,4.0,2,18
1275,153,4.5,2,18
1276,122,4.0,2,18
1277,310,4.5,2,18
1278,709,4.0,2,18
1279,1345,4.5,2,18
1280,130,4.5,2,18
1281,1533,4.5,2,18
1282,160,4.5,2,18
1283,45,4.0,2,18
1284,546,4.0,2,18
1285,876,4.0,2,18
1286,406,4.5,3,11
1287,1509,4.0,3,11
1288,589,4.0,3,11
1289,99,4.5,3,11
1290,80,5.0,3,11
1291,361,4.0,3,11
1292,137,3.5,3,11
1293,225,3.0,3,11
1294,106,4.5,3,11
1295,743,3.5,3,11
1296,588,4.0,3,11
1297,187,4.0,3,11
1298,1784,4.0,3,11
1299,631,4.5,3,11
1300,377,4.5,3,11
1301,196,4.5,3,11
1302,240,4.0,3,11
1303,435,4.5,3,11
1304,317,4.0,3,11
1305,502,4.0,3,11
1306,1509,4.0,3,10
1307,589,4.0,3,10
1308,187,4.0,3,10
1309,99,4.5,3,10
1310,406,4.5,3,10
1311,361,4.0,3,10
1312,240,4.0,3,10
1313,435,4.5,3,10
1314,743,3.5,3,10
1315,317,4.0,3,10
1316,193,4.5,3,10
1317,80,5.0,3,10
1318,196,4.5,3,10
1319,502,4.0,3,10
1320,528,4.0,3,10
1321,225,3.0,3,10
1322,106,4.5,3,10
1323,137,3.5,3,10
1324,143,3.0,3,10
1325,79,4.0,3,10
1326,225,4.0,0,18
1327,377,4.5,0,18
1328,948,4.0,0,18
1329,262,4.5,0,18
1330,228,4.0,0,18
1331,490,4.0,0,18
1332,363,4.0,0,18
1333,175,3.5,0,18
1334,685,3.0,0,18
1335,46,4.0,0,18
1336,423,3.5,0,18
1337,332,4.0,0,18
1338,74,4.0,0,18
1339,79,4.0,0,18
1340,200,4.0,0,18
1341,50,4.5,0,18
1342,344,4.0,0,18
1343,200,3.5,0,18
1344,83,4.5,0,18
1345,140,3.0,0,18
1346,326,4.5,9,18
1347,127,3.0,9,18
1348,83,4.0,9,18
1349,75,3.5,9,18
1350,83,4.5,9,18
1351,149,4.0,9,18
1352,145,4.5,9,18
1353,116,4.0,9,18
1354,254,3.5,9,18
1355,66,4.5,9,18
1356,120,4.0,9,18
1357,51,3.5,9,18
1358,26,4.0,9,18
1359,31,4.5,9,18
1360,37,4.5,9,18
1361,19,3.0,9,18
1362,43,2.5,9,18
1363,17,3.5,9,18
1364,239,4.5,9,18
1365,237,4.5,9,18
1366,153,4.5,9,18
1367,482,4.5,9,18
1368,600,4.0,9,18
1369,390,4.0,9,18
1370,75,4.5,9,18
1371,48,4.5,9,18
1372,548,4.0,9,18
1373,27,4.0,9,18
1374,246,4.0,9,18
1375,71,4.5,9,18
1376,128,5.0,9,18
1377,90,4.5,9,18
1378,195,4.5,9,18
1379,879,4.0,9,18
1380,265,4.5,9,18
1381,72,4.5,9,18
1382,148,3.5,9,18
1383,168,4.5,9,18
1384,195,4.5,3,14
1385,359,4.0,3,14
1386,137,4.5,3,14
1387,548,4.0,3,14
1388,390,4.0,3,14
1389,237,4.5,3,14
1390,90,4.5,3,14
1391,239,4.5,3,14
1392,153,4.5,3,14
1393,52,4.5,3,14
1394,96,4.5,3,14
1395,72,4.5,3,14
1396,321,4.5,3,14
1397,71,4.5,3,14
1398,482,4.5,3,14
1399,572,4.0,3,14
1400,600,4.0,3,14
1401,871,3.5,3,14
1402,319,4.5,3,14
1403,246,4.0,3,14
1404,945,4.0,0,18
1405,245,4.0,0,18
1406,338,4.0,0,18
1407,403,4.0,0,18
1408,223,4.0,0,18
1409,3202,4.5,0,18
1410,499,3.5,0,18
1411,846,4.5,0,18
1412,155,4.5,0,18
1413,128,4.0,0,18
1414,1055,4.0,0,18
1415,118,4.5,0,18
1416,47,4.5,0,18
1417,328,4.0,0,18
1418,267,4.0,0,18
1419,17,4.0,0,18
1420,340,4.0,0,18
1421,378,4.0,0,18
1422,249,4.5,0,18
1423,502,4.5,0,18
1424,128,4.0,5,17
1425,3202,4.5,5,17
1426,403,4.0,5,17
1427,945,4.0,5,17
1428,338,4.0,5,17
1429,223,4.0,5,17
1430,240,4.5,5,17
1431,245,4.0,5,17
1432,1055,4.0,5,17
1433,846,4.5,5,17
1434,271,4.5,5,17
1435,47,4.5,5,17
1436,155,4.5,5,17
1437,340,4.0,5,17
1438,328,4.0,5,17
1439,118,4.5,5,17
1440,82,4.5,5,17
1441,249,4.5,5,17
1442,378,4.0,5,17
1443,321,4.0,5,17
1444,82,4.5,4,12
1445,315,4.0,4,12
1446,233,4.0,4,12
1447,705,4.0,4,12
1448,90,4.5,4,12
1449,128,4.0,4,12
1450,195,4.5,4,12
1451,340,4.0,4,12
1452,249,4.5,4,12
1453,268,4.0,4,12
1454,378,4.0,4,12
1455,76,4.5,4,12
1456,321,4.5,4,12
1457,60,4.5,4,12
1458,321,4.0,4,12
1459,572,4.0,4,12
1460,137,4.5,4,12
1461,155,4.5,4,12
1462,635,3.5,4,12
1463,240,4.5,4,12
1464,492,4.5,4,5
1465,328,4.5,4,5
1466,100,4.0,4,5
1467,178,4.5,4,5
1468,238,4.0,4,5
1469,435,4.0,4,5
1470,42,5.0,4,5
1471,162,3.5,4,5
1472,97,3.5,4,5
1473,304,4.0,4,5
1474,181,4.5,4,5
1475,194,4.5,4,5
1476,192,4.5,4,5
1477,107,5.0,4,5
1478,186,3.5,4,5
1479,428,4.0,4,5
1480,160,4.0,4,5
1481,290,4.0,4,5
1482,167,4.5,4,5
1483,305,3.5,4,5
1484,1482,4.0,1,3
1485,22,4.5,1,3
1486,181,4.5,1,3
1487,52,3.0,1,3
1488,194,4.5,1,3
1489,290,4.0,1,3
1490,9,3.5,1,3
1491,352,4.0,1,3
1492,19,5.0,1,3
1493,50,4.5,1,3
1494,163,3.5,1,3
1495,112,4.0,1,3
1496,34,5.0,1,3
1497,13,4.5,1,3
1498,198,4.0,1,3
1499,491,4.0,3,3
1500,565,5.0,3,3
1501,1928,4.5,3,3
1502,752,4.5,3,3
1503,408,4.5,3,3
1504,32,4.5,3,3
1505,431,4.5,3,3
1506,1394,4.5,3,3
1507,769,3.5,3,3
1508,914,4.0,3,3
1509,107,4.5,3,3
1510,260,4.0,3,3
1511,161,4.0,3,3
1512,365,4.0,3,3
1513,192,4.0,3,3
1514,86,5.0,3,3
1515,244,4.5,3,3
1516,111,4.5,3,3
1517,372,4.0,3,3
1518,78,4.5,3,3
1519,77,4.5,4,6
1520,90,4.0,4,6
1521,82,4.0,4,6
1522,138,4.5,4,6
1523,18,3.5,4,6
1524,182,4.5,0,3
1525,346,4.0,0,3
1526,95,4.0,0,3
1527,300,4.0,0,3
1528,144,4.5,0,3
1529,186,4.5,0,3
1530,93,3.5,0,3
1531,545,4.0,0,3
1532,140,4.0,0,3
1533,241,4.0,0,3
1534,28,4.0,0,3
1535,86,4.5,0,3
1536,82,5.0,0,3
1537,246,5.0,0,3
1538,18,4.0,0,3
1539,22,5.0,0,3
1540,86,3.5,0,3
1541,168,3.5,0,3
1542,140,4.0,0,3
1543,83,3.5,0,3
1544,151,3.5,4,18
1545,499,3.5,4,18
1546,547,4.0,4,18
1547,454,4.5,4,18
1548,229,4.0,4,18
1549,581,4.5,4,18
1550,1562,4.0,4,18
1551,279,4.5,4,18
1552,500,4.0,4,18
1553,79,4.5,4,18
1554,77,5.0,4,18
1555,170,4.0,4,18
1556,112,4.5,4,18
1557,321,3.5,4,18
1558,111,4.5,4,18
1559,219,4.5,4,18
1560,145,4.0,4,18
1561,159,4.5,4,18
1562,517,3.5,4,18
1563,86,4.0,4,18
1564,152,4.5,3,12
1565,314,4.0,3,12
1566,132,4.0,3,12
1567,8257,4.5,3,12
1568,342,4.0,3,12
1569,564,4.5,3,12
1570,1610,4.0,3,12
1571,501,4.5,3,12
1572,629,4.5,3,12
1573,564,4.5,3,12
1574,85,4.0,3,12
1575,541,4.0,3,12
1576,116,5.0,3,12
1577,194,4.5,3,12
1578,183,4.5,3,12
1579,511,4.5,3,12
1580,840,4.0,3,12
1581,555,4.0,3,12
1582,441,4.0,3,12
1583,569,4.0,3,12
1584,95,3.5,3,14
1585,8,4.0,3,14
1586,170,4.5,3,14
1587,341,4.5,3,14
1588,140,2.0,3,14
1589,256,3.5,3,14
1590,290,3.0,3,14
1591,102,3.5,3,14
1592,12,2.0,3,14
1593,135,4.0,3,14
1594,225,2.5,3,14
1595,155,2.5,3,14
1596,16,3.0,3,14
1597,10,3.5,3,14
1598,24,3.5,3,14
1599,27,3.5,3,14
1600,93,1.5,3,14
1601,58,2.5,3,14
1602,52,2.0,3,14
1603,11,3.0,3,14
1604,229,4.0,2,12
1605,500,4.0,2,12
1606,581,4.5,2,12
1607,79,4.5,2,12
1608,547,4.0,2,12
1609,454,4.5,2,12
1610,111,4.5,2,12
1611,112,4.5,2,12
1612,962,3.5,2,12
1613,219,4.5,2,12
1614,273,4.0,2,12
1615,1562,4.0,2,12
1616,500,4.0,2,12
1617,210,4.0,2,12
1618,86,4.0,2,12
1619,159,4.5,2,12
1620,241,4.0,2,12
1621,34,5.0,2,12
1622,55,4.0,2,12
1623,279,4.5,2,12
1624,545,4.0,2,18
1625,35,4.5,2,18
1626,168,3.5,2,18
1627,22,5.0,2,18
1628,140,4.0,2,18
1629,195,4.5,2,18
1630,83,3.5,2,18
1631,86,3.5,2,18
1632,170,3.5,2,18
1633,117,3.5,2,18
1634,1,5.0,2,18
1635,819,4.5,2,18
1636,380,4.5,2,18
1637,95,4.0,2,18
1638,197,4.5,2,18
1639,639,4.0,2,18
1640,111,4.0,2,18
1641,891,4.5,2,18
1642,1028,4.0,2,18
1643,1296,4.0,2,18
1644,211,4.0,2,18
1645,591,4.0,2,18
1646,451,4.0,2,18
1647,4181,4.5,2,18
1648,821,4.5,2,18
1649,231,4.5,2,18
1650,476,3.5,2,18
1651,705,4.0,2,18
1652,243,4.0,2,18
1653,371,4.5,2,18
1654,676,4.0,2,18
1655,219,4.5,0,12
1656,1299,4.5,0,12
1657,119,3.5,0,12
1658,321,4.0,0,12
1659,389,4.5,0,12
1660,198,3.0,0,12
1661,296,3.0,0,12
1662,347,3.5,0,12
1663,481,4.0,0,12
1664,369,4.0,0,12
1665,657,4.0,0,12
1666,218,3.0,0,12
1667,157,3.5,0,12
1668,427,4.0,0,12
1669,273,4.5,0,12
1670,380,4.5,0,12
1671,219,3.0,0,12
1672,38,4.5,0,12
1673,270,4.5,0,12
1674,293,4.0,0,12
1675,507,4.5,1,17
1676,841,4.5,1,17
1677,1110,4.5,1,17
1678,8257,4.5,1,17
1679,215,4.0,1,17
1680,511,4.5,1,17
1681,194,4.5,1,17
1682,121,4.5,1,17
1683,555,4.0,1,17
1684,111,4.5,1,17
1685,541,4.0,1,17
1686,1288,4.0,1,17
1687,448,4.0,1,17
1688,441,4.0,1,17
1689,84,4.5,1,17
1690,138,4.5,1,17
1691,527,4.0,1,17
1692,569,4.0,1,17
1693,339,4.5,1,17
1694,404,4.0,1,17
1695,500,4.0,15,18
1696,364,4.5,15,18
1697,212,4.5,15,18
1698,614,4.5,15,18
1699,544,4.5,15,18
1700,382,4.5,15,18
1701,310,4.5,15,18
1702,1345,4.5,15,18
1703,160,4.5,15,18
1704,256,4.0,15,18
1705,261,4.0,15,18
1706,400,4.0,15,18
1707,130,4.0,15,18
1708,139,3.5,15,18
1709,90,4.5,15,18
1710,426,4.0,15,18
1711,330,4.0,15,18
1712,40,4.0,15,18
1713,114,3.5,15,18
1714,240,4.0,15,18
1715,1106,4.0,1,12
1716,373,4.5,1,12
1717,527,4.0,1,12
1718,87,4.0,1,12
1719,227,4.0,1,12
1720,1697,4.0,1,12
1721,138,4.5,1,12
1722,352,4.5,1,12
1723,78,4.5,1,12
1724,246,4.5,1,12
1725,80,4.5,1,12
1726,159,4.0,1,12
1727,420,4.0,1,12
1728,122,4.5,1,12
1729,68,4.5,1,12
1730,228,4.5,1,12
1731,126,4.0,1,12
1732,107,4.0,1,12
1733,217,4.0,1,12
1734,120,4.0,1,12
1735,197,4.0,0,5
1736,196,4.0,0,5
1737,107,4.5,0,5
1738,171,4.0,0,5
1739,55,3.5,0,5
1740,82,5.0,0,5
1741,131,4.0,0,5
1742,127,4.5,0,5
1743,112,4.0,0,5
1744,166,3.5,0,5
1745,58,4.5,0,5
1746,82,3.5,0,5
1747,948,4.0,0,12
1748,262,4.5,0,12
1749,332,4.0,0,12
1750,377,4.5,0,12
1751,87,4.0,0,12
1752,79,4.0,0,12
1753,69,4.5,0,12
1754,74,4.0,0,12
1755,80,3.0,0,12
1756,363,4.0,0,12
1757,83,4.5,0,12
1758,46,4.0,0,12
1759,95,4.5,0,12
1760,23,4.5,0,12
1761,226,3.0,0,12
1762,73,4.0,0,12
1763,200,3.5,0,12
1764,196,3.5,0,12
1765,100,4.5,0,12
1766,14,4.5,0,12
1767,649,4.5,2,3
1768,1559,4.0,2,3
1769,234,4.0,2,3
1770,65,4.5,2,3
1771,4045,4.5,2,3
1772,1928,4.5,2,3
1773,565,5.0,2,3
1774,408,4.5,2,3
1775,752,4.5,2,3
1776,1394,4.5,2,3
1777,431,4.5,2,3
1778,12,4.5,2,3
1779,1872,4.5,2,3
1780,1029,4.0,2,3
1781,1095,4.5,2,3
1782,769,3.5,2,3
1783,365,4.0,2,3
1784,192,4.0,2,3
1785,260,4.0,2,3
1786,298,4.0,2,3
1787,181,4.5,7,8
1788,194,4.5,7,8
1789,290,4.0,7,8
1790,19,5.0,7,8
1791,50,4.5,7,8
1792,328,4.5,7,8
1793,492,4.5,7,8
1794,107,5.0,7,8
1795,198,4.0,7,8
1796,1482,4.0,7,8
1797,167,4.5,7,8
1798,178,4.5,7,8
1799,435,4.0,7,8
1800,42,5.0,7,8
1801,304,4.0,7,8
1802,428,4.0,7,8
1803,100,4.0,7,8
1804,162,3.5,7,8
1805,238,4.0,7,8
1806,112,4.0,7,8
1807,216,4.5,3,14
1808,1308,4.5,3,14
1809,315,4.0,3,14
1810,406,4.5,3,14
1811,2100,4.5,3,14
1812,1025,3.5,3,14
1813,688,4.0,3,14
1814,139,4.5,3,14
1815,210,4.0,3,14
1816,1094,4.0,3,14
1817,374,4.5,3,14
1818,732,4.0,3,14
1819,15,4.5,3,14
1820,116,4.0,3,14
1821,157,4.5,3,14
1822,612,4.0,3,14
1823,81,4.5,3,14
1824,597,4.0,3,14
1825,513,4.0,3,14
1826,148,4.5,3,14
1827,147,4.5,0,8
1828,165,4.0,0,8
1829,404,4.0,0,8
1830,545,4.0,0,8
1831,394,4.5,0,8
1832,1844,4.5,0,8
1833,160,3.0,0,8
1834,107,4.5,0,8
1835,719,4.0,0,8
1836,968,4.0,0,8
1837,167,4.0,0,8
1838,86,4.5,0,8
1839,42,4.5,0,8
1840,295,3.5,0,8
1841,285,4.0,0,8
1842,127,4.0,0,8
1843,275,4.5,0,8
1844,536,3.5,0,8
1845,251,4.5,0,8
1846,429,4.0,0,8
1847,256,3.5,0,8
1848,95,3.5,0,8
1849,162,4.5,0,8
1850,157,4.5,0,8
1851,346,4.5,0,8
1852,116,4.0,0,8
1853,246,4.5,0,8
1854,35,5.0,0,8
1855,61,5.0,0,8
1856,81,4.5,0,8
1857,341,4.5,0,8
1858,135,4.0,0,8
1859,36,4.0,0,8
1860,83,3.5,0,8
1861,290,3.0,0,8
1862,102,3.5,0,8
1863,58,2.5,0,8
1864,92,3.0,0,8
1865,225,2.5,0,8
1866,6,5.0,0,8
1867,273,4.5,1,8
1868,38,4.5,1,8
1869,1221,3.5,1,8
1870,1299,4.5,1,8
1871,219,4.5,1,8
1872,389,4.5,1,8
1873,42,4.5,1,8
1874,481,4.0,1,8
1875,95,3.5,1,8
1876,321,4.0,1,8
1877,130,2.5,1,8
1878,119,3.5,1,8
1879,198,3.0,1,8
1880,61,3.0,1,8
1881,347,3.5,1,8
1882,369,4.0,1,8
1883,341,4.5,1,8
1884,169,3.0,1,8
1885,380,4.5,1,8
1886,83,3.5,1,8
1887,415,3.5,1,8
1888,524,4.0,1,8
1889,41,4.5,1,8
1890,471,4.0,1,8
1891,77,5.0,1,8
1892,870,4.0,1,8
1893,475,4.5,1,8
1894,563,3.5,1,8
1895,108,4.5,1,8
1896,72,4.5,1,8
1897,158,4.5,1,8
1898,29,3.5,1,8
1899,105,4.5,1,8
1900,56,4.0,1,8
1901,73,4.5,1,8
1902,178,2.5,1,8
1903,64,4.0,1,8
1904,202,4.0,1,8
1905,42,4.5,1,8
1906,87,3.5,1,8
1907,205,5.0,4,8
1908,85,4.5,4,8
1909,88,4.5,4,8
1910,67,4.5,4,8
1911,27,4.0,4,8
1912,21,3.5,4,8
1913,186,4.5,4,8
1914,155,4.5,4,8
1915,0,0.0,4,8
1916,5,2.5,4,8
1917,8,3.5,4,8
1918,7,3.5,4,8
1919,46,4.5,2,8
1920,105,4.0,2,8
1921,272,3.5,2,8
1922,326,4.0,2,8
1923,113,4.5,2,8
1924,159,4.0,2,8
1925,42,5.0,2,8
1926,22,4.5,2,8
1927,27,4.5,2,8
1928,180,3.5,2,8
1929,611,4.0,1,8
1930,232,4.5,1,8
1931,148,4.0,1,8
1932,297,3.5,1,8
1933,31,4.0,1,8
1934,9,3.5,1,8
1935,3,3.5,1,8
1936,639,4.0,3,10
1937,231,4.5,3,10
1938,185,4.0,3,10
1939,193,4.0,3,10
1940,96,3.5,3,10
1941,52,4.5,3,10
1942,32,4.0,3,10
1943,210,2.5,3,10
1944,31,3.0,3,10
1945,1,4.0,3,10
1946,5,4.0,3,10
1947,925,4.5,3,15
1948,3202,4.5,3,15
1949,380,4.5,3,15
1950,197,4.5,3,15
1951,82,4.5,3,15
1952,635,3.5,3,15
1953,705,4.0,3,15
1954,891,4.5,3,15
1955,695,4.0,3,15
1956,1088,4.0,3,15
1957,90,4.5,3,15
1958,128,4.0,3,15
1959,340,4.0,3,15
1960,378,4.0,3,15
1961,355,4.0,3,15
1962,268,4.0,3,15
1963,76,4.5,3,15
1964,44,4.5,3,15
1965,150,4.5,3,15
1966,321,4.0,3,15
1967,12,4.5,4,8
1968,8,3.5,4,8
1969,0,0.0,4,8
1970,414,4.5,3,4
1971,226,4.0,3,4
1972,60,4.5,3,4
1973,234,4.0,3,4
1974,129,4.5,3,4
1975,708,4.5,3,4
1976,145,4.0,3,4
1977,79,4.5,3,4
1978,47,4.0,3,4
1979,870,4.0,3,4
1980,283,4.5,3,4
1981,64,4.0,3,4
1982,92,3.5,3,4
1983,108,4.5,3,4
1984,302,3.5,3,4
1985,162,3.0,3,4
1986,22,5.0,3,4
1987,772,3.5,3,4
1988,225,3.5,3,4
1989,161,3.5,3,4
1990,722,4.0,0,12
1991,58,4.5,0,12
1992,170,4.5,0,12
1993,4,2.5,0,12
1994,140,2.0,0,12
1995,8,4.0,0,12
1996,12,2.0,0,12
1997,1176,4.0,0,6
1998,448,4.5,0,6
1999,124,3.0,0,6
2000,95,2.0,0,6
2001,49,4.0,0,6
2002,67,3.5,0,6
2003,0,0.0,0,6
2004,414,4.5,8,7
2005,226,4.0,8,7
2006,60,4.5,8,7
2007,145,4.0,8,7
2008,234,4.0,8,7
2009,129,4.5,8,7
2010,708,4.5,8,7
2011,79,4.5,8,7
2012,92,3.5,8,7
2013,47,4.0,8,7
2014,108,4.5,8,7
2015,283,4.5,8,7
2016,225,3.5,8,7
2017,870,4.0,8,7
2018,772,3.5,8,7
2019,302,3.5,8,7
2020,162,3.0,8,7
2021,64,4.0,8,7
2022,161,3.5,8,7
2023,22,5.0,8,7
2024,3949,4.0,5,18
2025,917,4.5,5,18
2026,242,4.0,5,18
2027,1099,4.0,5,18
2028,1151,4.0,5,18
2029,348,3.5,5,18
2030,26,5.0,5,18
2031,225,4.0,5,18
2032,873,4.0,5,18
2033,1784,4.0,5,18
2034,1689,3.5,5,18
2035,614,4.5,5,18
2036,631,4.5,5,18
2037,377,4.5,5,18
2038,588,4.0,5,18
2039,363,4.0,5,18
2040,929,3.5,5,18
2041,280,4.5,5,18
2042,241,4.0,5,18
2043,287,3.5,5,18
2044,503,4.5,3,5
2045,137,4.5,3,5
2046,684,4.0,3,5
2047,316,4.0,3,5
2048,165,4.5,3,5
2049,83,4.0,3,5
2050,135,4.0,3,5
2051,166,4.5,3,5
2052,361,4.0,3,5
2053,208,4.5,3,5
2054,157,4.0,3,5
2055,62,3.5,3,5
2056,336,4.0,3,5
2057,113,3.5,3,5
2058,122,3.5,3,5
2059,52,3.5,3,5
2060,4,3.5,3,5
2061,83,3.5,4,12
2062,95,3.5,4,12
2063,42,4.5,4,12
2064,341,4.5,4,12
2065,35,5.0,4,12
2066,55,4.5,4,12
2067,157,3.5,4,12
2068,92,3.0,4,12
2069,102,3.5,4,12
2070,135,4.0,4,12
2071,169,3.0,4,12
2072,225,2.5,4,12
2073,155,2.5,4,12
2074,191,2.5,4,12
2075,43,3.5,4,12
2076,61,3.0,4,12
2077,219,3.0,4,12
2078,35,3.0,4,12
2079,21,2.0,4,12
2080,97,2.0,4,12
2081,326,4.0,0,5
2082,352,4.0,0,5
2083,397,4.0,0,5
2084,1176,4.0,0,5
2085,69,4.0,0,5
2086,33,5.0,0,5
2087,126,4.5,0,5
2088,203,4.5,0,5
2089,67,3.5,0,5
2090,40,3.5,0,5
2091,49,4.0,0,5
2092,45,3.5,0,5
2093,95,2.0,0,5
2094,387,3.5,1,9
2095,106,4.5,1,9
2096,52,4.5,1,9
2097,236,4.5,1,9
2098,218,4.0,1,9
2099,102,4.0,1,9
2100,93,4.0,1,9
2101,40,4.5,1,9
2102,235,3.5,1,9
2103,42,3.0,1,9
2104,49,4.0,1,9
2105,5,1.0,1,9
2106,126,3.5,0,3
2107,127,3.0,0,3
2108,51,3.5,0,3
2109,83,4.0,0,3
2110,95,4.5,0,3
2111,120,4.0,0,3
2112,75,3.5,0,3
2113,17,3.5,0,3
2114,6,3.5,0,3
2115,95,3.5,0,9
2116,290,3.0,0,9
2117,102,3.5,0,9
2118,341,4.5,0,9
2119,256,3.5,0,9
2120,35,5.0,0,9
2121,225,2.5,0,9
2122,155,2.5,0,9
2123,135,4.0,0,9
2124,92,3.0,0,9
2125,169,3.0,0,9
2126,140,2.0,0,9
2127,16,3.0,0,9
2128,8,4.0,0,9
2129,10,3.5,0,9
2130,24,3.5,0,9
2131,97,2.0,0,9
2132,43,3.5,0,9
2133,6,4.5,0,9
2134,58,2.5,0,9
2135,1076,4.5,4,5
2136,1329,4.0,4,5
2137,968,4.0,4,5
2138,1106,4.0,4,5
2139,1337,4.0,4,5
2140,628,3.5,4,5
2141,114,4.5,4,5
2142,362,4.0,4,5
2143,191,4.5,4,5
2144,873,4.0,4,5
2145,36,4.5,4,5
2146,597,4.0,4,5
2147,465,4.0,4,5
2148,374,4.5,4,5
2149,1095,4.5,4,5
2150,496,4.0,4,5
2151,374,4.5,4,5
2152,318,4.0,4,5
2153,172,4.5,4,5
2154,50,4.5,4,5
2155,3427,4.0,2,16
2156,925,4.5,2,16
2157,306,4.0,2,16
2158,499,4.0,2,16
2159,517,4.0,2,16
2160,126,4.0,2,16
2161,576,4.5,2,16
2162,178,4.5,2,16
2163,904,4.5,2,16
2164,779,4.0,2,16
2165,355,4.0,2,16
2166,3202,4.5,2,16
2167,290,3.5,2,16
2168,1812,4.0,2,16
2169,519,4.0,2,16
2170,192,4.5,2,16
2171,2409,4.5,2,16
2172,1971,4.0,2,16
2173,3285,4.0,2,16
2174,625,4.0,2,16
2175,3949,4.0,7,18
2176,1743,4.5,7,18
2177,242,4.0,7,18
2178,917,4.5,7,18
2179,348,3.5,7,18
2180,4899,4.5,7,18
2181,1151,4.0,7,18
2182,251,4.5,7,18
2183,595,4.5,7,18
2184,3285,4.0,7,18
2185,1099,4.0,7,18
2186,164,4.5,7,18
2187,929,3.5,7,18
2188,440,4.5,7,18
2189,873,4.0,7,18
2190,241,4.0,7,18
2191,516,4.5,7,18
2192,614,4.5,7,18
2193,714,4.0,7,18
2194,1689,3.5,7,18
2195,1099,4.0,0,20
2196,1689,3.5,0,20
2197,3949,4.0,0,20
2198,614,4.5,0,20
2199,917,4.5,0,20
2200,4899,4.5,0,20
2201,1151,4.0,0,20
2202,280,4.5,0,20
2203,3285,4.0,0,20
2204,1509,4.0,0,20
2205,873,4.0,0,20
2206,177,4.0,0,20
2207,631,4.5,0,20
2208,2409,4.5,0,20
2209,588,4.0,0,20
2210,714,4.0,0,20
2211,1784,4.0,0,20
2212,1971,4.0,0,20
2213,251,4.5,0,20
2214,1812,4.0,0,20
2215,1743,4.5,2,18
2216,4899,4.5,2,18
2217,251,4.5,2,18
2218,164,4.5,2,18
2219,1078,4.5,2,18
2220,3285,4.0,2,18
2221,590,4.0,2,18
2222,440,4.5,2,18
2223,516,4.5,2,18
2224,1151,4.0,2,18
2225,595,4.5,2,18
2226,688,4.0,2,18
2227,424,4.0,2,18
2228,615,3.5,2,18
2229,742,4.0,2,18
2230,223,4.0,2,18
2231,362,5.0,2,18
2232,395,3.5,2,18
2233,873,4.0,2,18
2234,457,4.0,2,18
2235,1099,4.0,13,18
2236,3949,4.0,13,18
2237,228,4.0,13,18
2238,177,4.0,13,18
2239,1689,3.5,13,18
2240,588,4.0,13,18
2241,1509,4.0,13,18
2242,3285,4.0,13,18
2243,361,4.0,13,18
2244,4899,4.5,13,18
2245,917,4.5,13,18
2246,631,4.5,13,18
2247,714,4.0,13,18
2248,1971,4.0,13,18
2249,2409,4.5,13,18
2250,555,4.5,13,18
2251,1812,4.0,13,18
2252,1151,4.0,13,18
2253,1784,4.0,13,18
2254,522,4.5,13,18
2255,3949,4.0,4,12
2256,917,4.5,4,12
2257,1743,4.5,4,12
2258,614,4.5,4,12
2259,1099,4.0,4,12
2260,1151,4.0,4,12
2261,685,3.5,4,12
2262,280,4.5,4,12
2263,4899,4.5,4,12
2264,873,4.0,4,12
2265,241,4.0,4,12
2266,242,4.0,4,12
2267,3285,4.0,4,12
2268,1689,3.5,4,12
2269,251,4.5,4,12
2270,312,2.5,4,12
2271,187,4.0,4,12
2272,595,4.5,4,12
2273,929,3.5,4,12
2274,440,4.5,4,12
2275,3285,4.0,1,18
2276,1743,4.5,1,18
2277,4899,4.5,1,18
2278,1151,4.0,1,18
2279,3949,4.0,1,18
2280,1099,4.0,1,18
2281,714,4.0,1,18
2282,3427,4.0,1,18
2283,1081,3.5,1,18
2284,167,4.0,1,18
2285,221,4.5,1,18
2286,917,4.5,1,18
2287,177,4.0,1,18
2288,251,4.5,1,18
2289,595,4.5,1,18
2290,440,4.5,1,18
2291,1509,4.0,1,18
2292,873,4.0,1,18
2293,164,4.5,1,18
2294,576,4.5,1,18
2295,1201,4.5,2,18
2296,175,4.5,2,18
2297,50,4.5,2,18
2298,38,4.5,2,18
2299,318,4.0,2,18
2300,234,4.0,2,18
2301,97,4.5,2,18
2302,102,3.5,2,18
2303,116,4.0,2,18
2304,11,3.5,2,18
2305,5,4.0,2,18
2306,129,4.0,2,18
2307,65,3.5,2,18
2308,4,5.0,2,18
2309,76,3.5,2,18
2310,4899,4.5,2,18
2311,590,4.0,2,18
2312,1743,4.5,2,18
2313,440,4.5,2,18
2314,3285,4.0,2,18
2315,164,4.5,2,18
2316,251,4.5,2,18
2317,742,4.0,2,18
2318,424,4.0,2,18
2319,223,4.0,2,18
2320,395,3.5,2,18
2321,688,4.0,2,18
2322,615,3.5,2,18
2323,595,4.5,2,18
2324,1151,4.0,2,18
2325,457,4.0,2,18
2326,57,4.0,2,18
2327,142,4.5,2,18
2328,516,4.5,2,18
2329,1099,4.0,2,18
2330,361,4.0,2,20
2331,1509,4.0,2,20
2332,588,4.0,2,20
2333,1099,4.0,2,20
2334,3949,4.0,2,20
2335,228,4.0,2,20
2336,555,4.5,2,20
2337,502,4.0,2,20
2338,917,4.5,2,20
2339,631,4.5,2,20
2340,743,3.5,2,20
2341,522,4.5,2,20
2342,2409,4.5,2,20
2343,1971,4.0,2,20
2344,1812,4.0,2,20
2345,842,3.5,2,20
2346,3285,4.0,2,20
2347,110,4.5,2,20
2348,1689,3.5,2,20
2349,1784,4.0,2,20
2350,846,4.5,0,5
2351,245,4.0,0,5
2352,60,4.5,0,5
2353,82,4.5,0,5
2354,403,4.0,0,5
2355,338,4.0,0,5
2356,315,4.0,0,5
2357,223,4.0,0,5
2358,240,4.5,0,5
2359,95,4.5,0,5
2360,271,4.5,0,5
2361,38,4.5,0,5
2362,233,4.0,0,5
2363,157,4.0,0,5
2364,309,4.0,0,5
2365,499,3.5,0,5
2366,109,4.5,0,5
2367,267,4.0,0,5
2368,17,4.0,0,5
2369,77,3.5,0,5
2370,1337,4.0,7,7
2371,362,4.0,7,7
2372,873,4.0,7,7
2373,496,4.0,7,7
2374,374,4.5,7,7
2375,1329,4.0,7,7
2376,1076,4.5,7,7
2377,751,4.0,7,7
2378,222,4.5,7,7
2379,106,4.0,7,7
2380,71,4.0,7,7
2381,120,4.0,7,7
2382,968,4.0,7,7
2383,191,4.5,7,7
2384,130,4.0,7,7
2385,178,3.5,7,7
2386,373,4.5,7,7
2387,123,4.0,7,7
2388,72,4.5,7,7
2389,120,3.5,7,7
2390,96,3.5,0,9
2391,39,4.5,0,9
2392,193,4.0,0,9
2393,31,5.0,0,9
2394,1,4.0,0,9
2395,5,4.0,0,9
2396,61,4.5,0,8
2397,156,4.0,0,8
2398,85,3.0,0,8
2399,54,4.0,0,8
2400,9,2.5,0,8
2401,21,3.0,0,8
2402,42,3.0,0,8
2403,56,1.5,0,8
2404,4899,4.5,2,7
2405,1743,4.5,2,7
2406,223,4.0,2,7
2407,362,5.0,2,7
2408,3285,4.0,2,7
2409,457,4.0,2,7
2410,590,4.0,2,7
2411,83,4.5,2,7
2412,251,4.5,2,7
2413,309,4.0,2,7
2414,440,4.5,2,7
2415,145,3.0,2,7
2416,284,4.5,2,7
2417,1151,4.0,2,7
2418,164,4.5,2,7
2419,1403,4.0,2,7
2420,595,4.5,2,7
2421,443,3.5,2,7
2422,190,3.5,2,7
2423,742,4.0,2,7
2424,611,4.0,1,7
2425,159,4.0,1,7
2426,64,3.5,1,7
2427,31,4.0,1,7
2428,3,3.5,1,7
2429,74,4.5,0,9
2430,125,4.0,0,9
2431,109,5.0,0,9
2432,50,4.5,0,9
2433,47,5.0,0,9
2434,74,5.0,0,9
2435,52,4.5,0,9
2436,29,4.0,0,9
2437,103,4.5,0,9
2438,51,3.0,0,9
2439,53,1.5,0,9
2440,32,3.5,0,9
2441,2,1.5,0,9
2442,4,3.0,0,9
2443,3949,4.0,2,6
2444,917,4.5,2,6
2445,1509,4.0,2,6
2446,1784,4.0,2,6
2447,1099,4.0,2,6
2448,589,4.0,2,6
2449,588,4.0,2,6
2450,361,4.0,2,6
2451,1689,3.5,2,6
2452,225,4.0,2,6
2453,631,4.5,2,6
2454,377,4.5,2,6
2455,344,4.0,2,6
2456,363,4.0,2,6
2457,614,4.5,2,6
2458,873,4.0,2,6
2459,743,3.5,2,6
2460,140,3.0,2,6
2461,183,4.5,2,6
2462,96,5.0,2,6
2463,589,4.0,0,4
2464,79,4.0,0,4
2465,948,4.0,0,4
2466,143,3.0,0,4
2467,137,3.5,0,4
2468,262,4.5,0,4
2469,377,4.5,0,4
2470,106,4.5,0,4
2471,1784,4.0,0,4
2472,155,3.5,0,4
2473,159,5.0,0,4
2474,363,4.0,0,4
2475,406,4.5,0,4
2476,28,4.0,0,4
2477,80,5.0,0,4
2478,69,4.5,0,4
2479,225,3.0,0,4
2480,74,4.0,0,4
2481,332,4.0,0,4
2482,99,4.5,0,4
2483,69,4.5,6,4
2484,74,4.0,6,4
2485,948,4.0,6,4
2486,332,4.0,6,4
2487,79,4.0,6,4
2488,262,4.5,6,4
2489,226,3.0,6,4
2490,13,5.0,6,4
2491,143,3.0,6,4
2492,47,4.0,6,4
2493,80,5.0,6,4
2494,100,4.5,6,4
2495,106,4.5,6,4
2496,83,4.5,6,4
2497,137,3.5,6,4
2498,133,2.5,6,4
2499,225,3.0,6,4
2500,38,4.5,6,4
2501,28,4.0,6,4
2502,34,4.0,6,4
2503,1054,4.0,2,9
2504,499,4.0,2,9
2505,3427,4.0,2,9
2506,355,4.0,2,9
2507,714,4.0,2,9
2508,214,4.0,2,9
2509,225,4.0,2,9
2510,3285,4.0,2,9
2511,925,4.5,2,9
2512,3202,4.5,2,9
2513,4899,4.5,2,9
2514,576,4.5,2,9
2515,1812,4.0,2,9
2516,2409,4.5,2,9
2517,221,4.5,2,9
2518,1971,4.0,2,9
2519,597,4.0,2,9
2520,206,4.0,2,9
2521,1099,4.0,2,9
2522,840,3.5,2,9
2523,62,4.5,5,4
2524,73,4.0,5,4
2525,59,4.5,5,4
2526,23,3.5,5,4
2527,105,4.5,0,10
2528,65,3.5,0,10
2529,205,4.5,0,10
2530,45,4.5,0,10
2531,116,4.5,0,10
2532,150,4.5,0,10
2533,35,4.5,0,10
2534,80,5.0,0,10
2535,138,4.5,0,10
2536,33,4.5,0,10
2537,102,4.5,0,10
2538,32,4.5,0,10
2539,39,2.5,0,10
2540,48,4.5,0,10
2541,40,4.0,0,10
2542,28,5.0,0,10
2543,21,4.0,0,10
2544,18,2.5,0,10
2545,38,2.0,0,10
2546,8,4.0,0,10
2547,161,3.5,1,6
2548,119,4.5,1,6
2549,136,4.0,1,6
2550,302,4.0,1,6
2551,78,4.5,1,6
2552,282,4.0,1,6
2553,20,3.5,1,6
2554,18,3.5,1,6
2555,690,4.0,0,7
2556,472,4.0,0,7
2557,292,4.5,0,7
2558,197,3.5,0,7
2559,211,4.0,0,7
2560,191,4.0,0,7
2561,102,4.5,0,7
2562,53,3.5,0,7
2563,143,3.5,5,9
2564,88,2.5,5,9
2565,66,3.0,5,9
2566,20,4.0,5,9
2567,48,1.5,5,9
2568,8,2.5,5,9
2569,105,4.5,1,2
2570,205,4.5,1,2
2571,150,4.5,1,2
2572,138,4.5,1,2
2573,116,4.5,1,2
2574,80,5.0,1,2
2575,33,4.5,1,2
2576,32,4.5,1,2
2577,40,4.0,1,2
2578,914,4.0,1,2
2579,107,4.5,1,2
2580,769,3.5,1,2
2581,116,4.5,1,2
2582,48,4.5,1,2
2583,21,4.0,1,2
2584,161,4.0,1,2
2585,135,4.0,1,2
2586,28,5.0,1,2
2587,244,4.5,1,2
2588,22,4.0,1,2
2589,431,4.5,3,9
2590,1394,4.5,3,9
2591,408,4.5,3,9
2592,306,4.0,3,9
2593,752,4.5,3,9
2594,4045,4.5,3,9
2595,565,5.0,3,9
2596,649,4.5,3,9
2597,186,3.5,3,9
2598,78,4.5,3,9
2599,192,4.0,3,9
2600,1928,4.5,3,9
2601,1872,4.5,3,9
2602,1029,4.0,3,9
2603,365,4.0,3,9
2604,39,4.0,3,9
2605,192,4.5,3,9
2606,311,4.0,3,9
2607,1559,4.0,3,9
2608,491,4.0,3,9
2609,105,4.0,2,11
2610,102,3.0,2,11
2611,220,4.0,2,11
2612,35,2.5,2,11
2613,23,4.0,2,11
2614,110,2.5,2,11
2615,20,3.5,2,11
2616,43,3.0,2,11
2617,27,1.5,2,11
2618,16,3.0,2,11
2619,49,3.0,2,11
2620,4,2.5,2,11
2621,5,3.0,2,11
2622,165,4.5,0,5
2623,57,4.0,0,5
2624,59,3.0,0,5
2625,36,2.0,0,5
2626,66,3.5,0,5
2627,20,2.5,0,5
2628,34,2.5,0,5
2629,7,1.5,0,5
2630,18,3.5,0,5
2631,6,2.5,0,5
2632,415,4.0,0,6
2633,962,3.5,0,6
2634,1562,4.0,0,6
2635,1314,4.0,0,6
2636,371,4.0,0,6
2637,279,4.5,0,6
2638,500,4.0,0,6
2639,210,4.0,0,6
2640,454,4.0,0,6
2641,475,4.0,0,6
2642,479,4.0,0,6
2643,61,5.0,0,6
2644,125,4.5,0,6
2645,170,4.0,0,6
2646,54,4.5,0,6
2647,321,3.5,0,6
2648,438,3.5,0,6
2649,145,4.0,0,6
2650,44,5.0,0,6
2651,177,4.0,0,6
2652,86,4.5,1,3
2653,501,4.5,1,3
2654,163,4.5,1,3
2655,165,4.5,1,3
2656,129,4.0,1,3
2657,494,4.5,1,3
2658,127,4.5,1,3
2659,22,5.0,1,3
2660,112,5.0,1,3
2661,27,5.0,1,3
2662,278,4.0,1,3
2663,61,3.5,1,3
2664,85,5.0,1,3
2665,51,3.5,1,3
2666,318,4.5,1,3
2667,568,3.5,1,3
2668,21,4.5,1,3
2669,169,4.5,1,3
2670,100,4.5,1,3
2671,12,4.0,1,3
2672,105,4.0,0,5
2673,94,4.5,0,5
2674,112,4.5,0,5
2675,206,3.0,0,5
2676,162,3.0,0,5
2677,39,4.0,0,5
2678,186,2.5,0,5
2679,55,4.0,0,5
2680,47,2.5,0,5
2681,55,2.5,0,5
2682,22,2.0,0,5
2683,3,1.0,0,5
2684,102,3.0,2,8
2685,105,4.0,2,8
2686,110,2.5,2,8
2687,89,3.0,2,8
2688,118,3.5,2,8
2689,23,4.0,2,8
2690,43,3.0,2,8
2691,5,3.0,2,8
2692,20,3.5,2,8
2693,35,2.5,2,8
2694,27,1.5,2,8
2695,16,3.0,2,8
2696,2208,4.5,2,6
2697,424,4.5,2,6
2698,83,4.0,2,6
2699,221,4.5,2,6
2700,107,4.5,2,6
2701,384,4.0,2,6
2702,112,3.0,2,6
2703,122,4.5,2,6
2704,483,4.0,2,6
2705,36,5.0,2,6
2706,530,3.5,2,6
2707,367,4.0,2,6
2708,193,4.0,2,6
2709,360,4.0,2,6
2710,44,3.5,2,6
2711,79,3.5,2,6
2712,109,4.5,2,6
2713,111,4.0,2,6
2714,131,4.0,2,6
2715,51,4.0,2,6
2716,415,4.0,2,9
2717,116,3.5,2,9
2718,73,5.0,2,9
2719,448,4.0,2,9
2720,163,4.5,2,9
2721,450,3.5,2,9
2722,254,4.0,2,9
2723,76,3.5,2,9
2724,8,4.0,2,9
2725,326,4.0,5,5
2726,159,4.0,5,5
2727,22,4.5,5,5
2728,165,4.0,5,5
2729,38,4.0,5,5
2730,13,3.0,1,5
2731,414,4.5,7,12
2732,60,4.5,7,12
2733,79,4.5,7,12
2734,708,4.5,7,12
2735,234,4.0,7,12
2736,145,4.0,7,12
2737,302,3.5,7,12
2738,92,3.5,7,12
2739,226,4.0,7,12
2740,108,4.5,7,12
2741,225,3.5,7,12
2742,161,3.5,7,12
2743,283,4.5,7,12
2744,129,4.5,7,12
2745,870,4.0,7,12
2746,772,3.5,7,12
2747,47,4.0,7,12
2748,152,4.0,7,12
2749,162,3.0,7,12
2750,64,4.0,7,12
2751,490,4.0,1,7
2752,103,4.0,1,7
2753,685,3.0,1,7
2754,38,4.5,1,7
2755,84,4.0,1,7
2756,72,3.5,1,7
2757,94,3.5,1,7
2758,20,4.0,1,7
2759,22,3.5,1,7
2760,17,3.5,1,7
2761,0,0.0,1,7
2762,241,4.5,2,7
2763,16,4.0,2,7
2764,74,4.5,2,7
2765,50,4.5,2,7
2766,204,3.5,2,7
2767,109,5.0,2,7
2768,47,5.0,2,7
2769,125,4.0,2,7
2770,52,4.5,2,7
2771,29,4.0,2,7
2772,103,4.5,2,7
2773,32,3.5,2,7
2774,0,0.0,2,7
2775,3949,4.0,2,14
2776,1784,4.0,2,14
2777,917,4.5,2,14
2778,1509,4.0,2,14
2779,589,4.0,2,14
2780,1099,4.0,2,14
2781,588,4.0,2,14
2782,361,4.0,2,14
2783,557,3.5,2,14
2784,1151,4.0,2,14
2785,555,4.5,2,14
2786,96,5.0,2,14
2787,595,4.5,2,14
2788,1689,3.5,2,14
2789,631,4.5,2,14
2790,26,4.0,2,14
2791,743,3.5,2,14
2792,873,4.0,2,14
2793,614,4.5,2,14
2794,377,4.5,2,14
2795,336,4.0,4,5
2796,107,4.5,4,5
2797,589,4.0,0,3
2798,948,4.0,0,3
2799,262,4.5,0,3
2800,143,3.0,0,3
2801,406,4.5,0,3
2802,317,4.0,0,3
2803,69,4.5,0,3
2804,332,4.0,0,3
2805,99,4.5,0,3
2806,187,4.0,0,3
2807,435,4.5,0,3
2808,79,4.0,0,3
2809,74,4.0,0,3
2810,80,5.0,0,3
2811,137,3.5,0,3
2812,106,4.5,0,3
2813,240,4.0,0,3
2814,38,4.5,0,3
2815,225,3.0,0,3
2816,196,4.5,0,3
2817,143,3.0,2,4
2818,589,4.0,2,4
2819,948,4.0,2,4
2820,262,4.5,2,4
2821,38,4.5,2,4
2822,406,4.5,2,4
2823,79,4.0,2,4
2824,106,4.5,2,4
2825,69,4.5,2,4
2826,332,4.0,2,4
2827,74,4.0,2,4
2828,137,3.5,2,4
2829,225,3.0,2,4
2830,80,5.0,2,4
2831,155,3.5,2,4
2832,99,4.5,2,4
2833,435,4.5,2,4
2834,187,4.0,2,4
2835,240,4.0,2,4
2836,196,4.5,2,4
2837,16,5.0,2,9
2838,16,5.0,3,10
2839,147,5.0,2,9
2840,147,5.0,3,10
2841,0,0.0,2,9
2842,0,0.0,3,10
2843,4,3.0,2,9
2844,4,3.0,3,10
2845,20,3.0,2,9
2846,20,3.0,3,10
2847,2,2.5,2,9
2848,2,2.5,3,10
2849,0,0.0,2,9
2850,0,0.0,3,10
2851,116,4.5,3,3
2852,135,4.0,3,3
2853,105,4.5,3,3
2854,22,4.0,3,3
2855,205,4.5,3,3
2856,107,4.5,3,3
2857,150,4.5,3,3
2858,133,4.5,3,3
2859,116,4.5,3,3
2860,35,4.5,3,3
2861,244,4.5,3,3
2862,80,5.0,3,3
2863,138,4.5,3,3
2864,33,4.5,3,3
2865,32,4.5,3,3
2866,155,4.5,3,3
2867,70,2.0,3,3
2868,48,4.5,3,3
2869,40,4.0,3,3
2870,28,5.0,3,3
2871,284,4.0,0,3
2872,82,4.5,0,3
2873,111,3.5,0,3
2874,897,3.5,1,5
2875,193,4.0,1,5
2876,357,4.0,1,5
2877,96,3.5,1,5
2878,288,3.5,1,5
2879,165,3.5,1,5
2880,30,5.0,1,5
2881,38,3.0,1,5
2882,18,2.5,1,5
2883,176,3.0,1,5
2884,126,3.5,1,5
2885,43,1.5,1,5
2886,50,2.0,1,5
2887,15,3.5,1,5
2888,122,2.5,1,5
2889,20,4.0,1,5
2890,62,3.5,1,5
2891,25,4.0,1,5
2892,27,3.0,1,5
2893,64,1.5,1,5
2894,1743,4.5,3,6
2895,4899,4.5,3,6
2896,3285,4.0,3,6
2897,251,4.5,3,6
2898,164,4.5,3,6
2899,440,4.5,3,6
2900,362,5.0,3,6
2901,590,4.0,3,6
2902,595,4.5,3,6
2903,1151,4.0,3,6
2904,516,4.5,3,6
2905,223,4.0,3,6
2906,424,4.0,3,6
2907,873,4.0,3,6
2908,457,4.0,3,6
2909,742,4.0,3,6
2910,615,3.5,3,6
2911,381,4.5,3,6
2912,1403,4.0,3,6
2913,688,4.0,3,6
2914,13,3.0,0,3
2915,58,4.5,1,5
2916,82,3.5,1,5
2917,23,4.0,1,5
2918,852,4.0,0,9
2919,205,4.0,0,9
2920,118,4.5,0,9
2921,131,4.5,0,9
2922,118,3.5,0,9
2923,206,3.0,0,9
2924,37,4.0,0,9
2925,180,4.0,0,9
2926,162,3.0,0,9
2927,70,4.5,0,9
2928,186,2.5,0,9
2929,134,2.0,0,9
2930,60,3.0,0,9
2931,5,5.0,0,9
2932,5,2.5,0,9
2933,12,4.0,0,9
2934,37,1.5,0,9
2935,47,2.5,0,9
2936,20,3.5,0,9
2937,25,2.5,0,9
2938,478,4.0,0,10
2939,269,4.5,0,10
2940,366,4.0,0,10
2941,353,3.0,0,10
2942,154,4.5,0,10
2943,167,4.0,0,10
2944,210,4.0,0,10
2945,356,4.0,0,10
2946,55,4.5,0,10
2947,171,4.0,0,10
2948,47,5.0,0,10
2949,56,4.0,0,10
2950,14,4.0,0,10
2951,17,4.0,0,10
2952,3,3.5,0,10
2953,6,3.5,0,10
2954,328,4.5,0,5
2955,492,4.5,0,5
2956,42,5.0,0,5
2957,162,3.5,0,5
2958,238,4.0,0,5
2959,178,4.5,0,5
2960,181,4.5,0,5
2961,100,4.0,0,5
2962,194,4.5,0,5
2963,435,4.0,0,5
2964,107,5.0,0,5
2965,304,4.0,0,5
2966,290,4.0,0,5
2967,97,3.5,0,5
2968,428,4.0,0,5
2969,186,3.5,0,5
2970,50,4.5,0,5
2971,305,3.5,0,5
2972,19,5.0,0,5
2973,160,4.0,0,5
2974,60,4.5,5,15
2975,38,4.5,5,15
2976,157,4.0,5,15
2977,95,4.5,5,15
2978,109,4.5,5,15
2979,230,3.5,5,15
2980,183,4.0,5,15
2981,948,4.0,1,4
2982,69,4.5,1,4
2983,143,3.0,1,4
2984,589,4.0,1,4
2985,79,4.0,1,4
2986,74,4.0,1,4
2987,262,4.5,1,4
2988,332,4.0,1,4
2989,38,4.5,1,4
2990,137,3.5,1,4
2991,226,3.0,1,4
2992,80,5.0,1,4
2993,106,4.5,1,4
2994,28,4.0,1,4
2995,13,5.0,1,4
2996,83,4.5,1,4
2997,225,3.0,1,4
2998,13,4.0,1,4
2999,47,4.0,1,4
3000,200,3.5,1,4
3001,317,4.0,1,6
3002,206,4.0,1,6
3003,51,4.5,1,6
3004,101,4.5,1,6
3005,223,3.0,1,6
3006,241,4.0,1,6
3007,139,3.5,1,6
3008,77,3.5,1,6
3009,55,4.0,1,6
3010,113,3.5,1,6
3011,170,4.0,1,6
3012,30,4.5,1,6
3013,71,2.0,1,6
3014,23,3.5,1,6
3015,36,3.0,1,6
3016,31,2.0,1,6
3017,31,2.0,1,6
3018,147,3.5,1,6
3019,65,1.5,1,6
3020,91,3.5,1,6
3021,54,4.0,1,6
3022,34,2.0,1,6
3023,23,3.0,1,6
3024,13,4.0,1,6
3025,16,4.0,1,6
3026,34,2.0,1,6
3027,15,3.5,1,6
3028,17,2.0,1,6
3029,168,4.5,7,12
3030,72,4.0,7,12
3031,55,4.0,7,12
3032,97,4.0,7,12
3033,23,5.0,7,12
3034,87,4.5,7,12
3035,46,5.0,7,12
3036,916,4.5,7,12
3037,43,3.5,7,12
3038,23,4.5,7,12
3039,69,5.0,7,12
3040,6,4.0,7,12
3041,45,4.0,7,12
3042,69,4.0,7,12
3043,116,3.5,7,12
3044,32,3.0,7,12
3045,30,4.0,7,12
3046,1,5.0,7,12
3047,317,4.0,0,9
3048,272,4.0,0,9
3049,74,4.0,0,9
3050,77,3.5,0,9
3051,23,3.5,0,9
3052,32,2.0,0,9
3053,31,2.0,0,9
3054,228,4.0,0,9
3055,747,4.0,0,9
3056,137,4.0,0,9
3057,18,4.0,0,9
3058,22,2.0,0,9
3059,120,2.0,0,9
3060,23,2.0,0,9
3061,41,2.0,0,9
3062,121,3.5,2,9
3063,536,4.5,2,9
3064,79,4.0,2,9
3065,696,4.5,2,9
3066,120,4.5,2,9
3067,252,3.5,2,9
3068,104,4.0,2,9
3069,71,4.5,2,9
3070,81,4.0,2,9
3071,30,4.5,2,9
3072,260,4.0,2,9
3073,25,4.5,2,9
3074,118,4.5,2,9
3075,164,4.5,2,9
3076,29,4.5,2,9
3077,204,3.5,2,9
3078,176,3.5,2,9
3079,75,4.0,2,9
3080,56,4.5,2,9
3081,94,2.5,2,9
3082,395,4.0,5,8
3083,112,3.0,5,8
3084,113,4.0,5,8
3085,26,4.5,5,8
3086,24,3.5,5,8
3087,838,4.5,0,12
3088,1844,4.5,0,12
3089,453,4.0,0,12
3090,426,4.0,0,12
3091,327,4.5,0,12
3092,394,4.5,0,12
3093,54,4.5,0,12
3094,260,4.5,0,12
3095,508,4.0,0,12
3096,336,4.0,0,12
3097,42,4.5,0,12
3098,608,4.5,0,12
3099,302,3.5,0,12
3100,968,4.0,0,12
3101,371,3.5,0,12
3102,86,4.5,0,12
3103,536,3.5,0,12
3104,486,4.0,0,12
3105,340,4.5,0,12
3106,243,4.0,0,12
3107,147,5.0,0,6
3108,16,5.0,0,6
3109,20,3.0,0,6
3110,0,0.0,0,6
3111,4,3.0,0,6
3112,0,0.0,0,6
3113,2,2.5,0,6
3114,79,4.0,2,23
3115,948,4.0,2,23
3116,74,4.0,2,23
3117,589,4.0,2,23
3118,69,4.5,2,23
3119,262,4.5,2,23
3120,143,3.0,2,23
3121,377,4.5,2,23
3122,28,4.0,2,23
3123,332,4.0,2,23
3124,50,3.5,2,23
3125,363,4.0,2,23
3126,137,3.5,2,23
3127,83,4.5,2,23
3128,34,4.0,2,23
3129,168,3.5,2,23
3130,80,5.0,2,23
3131,106,4.5,2,23
3132,159,5.0,2,23
3133,226,3.0,2,23
3134,211,4.0,3,18
3135,371,4.5,3,18
3136,197,4.5,3,18
3137,243,4.0,3,18
3138,380,4.5,3,18
3139,891,4.5,3,18
3140,111,4.0,3,18
3141,819,4.5,3,18
3142,1028,4.0,3,18
3143,577,4.5,3,18
3144,639,4.0,3,18
3145,97,4.5,3,18
3146,1296,4.0,3,18
3147,156,3.5,3,18
3148,591,4.0,3,18
3149,112,3.0,3,18
3150,95,4.0,3,18
3151,339,4.0,3,18
3152,92,5.0,3,18
3153,334,4.0,3,18
3154,431,4.5,0,8
3155,63,4.5,0,8
3156,124,3.0,0,8
3157,76,4.5,0,8
3158,8,4.0,0,8
3159,13,4.0,0,8
3160,116,4.0,7,9
3161,536,4.5,7,9
3162,696,4.5,7,9
3163,121,3.5,7,9
3164,260,4.0,7,9
3165,79,4.0,7,9
3166,120,4.5,7,9
3167,71,4.5,7,9
3168,81,4.0,7,9
3169,104,4.0,7,9
3170,118,4.5,7,9
3171,30,4.5,7,9
3172,252,3.5,7,9
3173,25,4.5,7,9
3174,29,4.5,7,9
3175,75,4.0,7,9
3176,176,3.5,7,9
3177,56,4.5,7,9
3178,24,4.0,7,9
3179,94,2.5,7,9
3180,101,4.0,0,3
3181,268,3.5,0,3
3182,133,4.5,0,3
3183,385,4.0,0,3
3184,109,3.5,0,3
3185,67,3.0,0,3
3186,37,4.0,0,3
3187,14,3.5,0,3
3188,26,3.5,0,3
3189,5,3.5,0,3
3190,3,3.0,0,3
3191,431,4.5,0,4
3192,76,4.5,0,4
3193,147,3.5,0,4
3194,91,3.5,0,4
3195,124,3.0,0,4
3196,13,4.0,0,4
3197,34,2.0,0,4
3198,8,4.0,0,4
3199,34,2.0,0,4
3200,17,2.0,0,4
3201,565,5.0,0,5
3202,769,3.5,0,5
3203,161,4.0,0,5
3204,1928,4.5,0,5
3205,914,4.0,0,5
3206,95,4.0,0,5
3207,649,4.5,0,5
3208,431,4.5,0,5
3209,107,4.5,0,5
3210,105,4.5,0,5
3211,260,4.0,0,5
3212,1559,4.0,0,5
3213,491,4.0,0,5
3214,234,4.0,0,5
3215,372,4.0,0,5
3216,204,4.5,0,5
3217,192,4.0,0,5
3218,116,4.5,0,5
3219,244,4.5,0,5
3220,111,4.5,0,5
3221,551,4.0,3,7
3222,110,4.0,3,7
3223,18,5.0,3,7
3224,529,3.5,3,7
3225,18,4.0,3,7
3226,17,4.0,3,7
3227,120,2.0,3,7
3228,41,2.0,3,7
3229,34,2.0,3,7
3230,23,2.0,3,7
3231,4,1.5,3,7
3232,925,4.5,2,9
3233,925,4.5,3,10
3234,1088,4.0,2,9
3235,1088,4.0,3,10
3236,3202,4.5,2,9
3237,3202,4.5,3,10
3238,695,4.0,2,9
3239,695,4.0,3,10
3240,3427,4.0,2,9
3241,3427,4.0,3,10
3242,1060,3.5,2,9
3243,1060,3.5,3,10
3244,378,4.0,2,9
3245,378,4.0,3,10
3246,150,4.5,2,9
3247,150,4.5,3,10
3248,355,4.0,2,9
3249,355,4.0,3,10
3250,517,4.0,2,9
3251,517,4.0,3,10
3252,96,5.0,2,9
3253,96,5.0,3,10
3254,340,4.0,2,9
3255,340,4.0,3,10
3256,576,4.5,2,9
3257,576,4.5,3,10
3258,779,4.0,2,9
3259,779,4.0,3,10
3260,1971,4.0,2,9
3261,1971,4.0,3,10
3262,1812,4.0,2,9
3263,1812,4.0,3,10
3264,2409,4.5,2,9
3265,2409,4.5,3,10
3266,249,4.5,2,9
3267,249,4.5,3,10
3268,945,4.0,2,9
3269,945,4.0,3,10
3270,178,4.5,2,9
3271,178,4.5,3,10
3272,925,4.5,6,18
3273,3202,4.5,6,18
3274,300,4.0,6,18
3275,62,4.0,6,18
3276,695,4.0,6,18
3277,2409,4.5,6,18
3278,380,4.5,6,18
3279,1088,4.0,6,18
3280,1971,4.0,6,18
3281,1812,4.0,6,18
3282,197,4.5,6,18
3283,891,4.5,6,18
3284,577,4.5,6,18
3285,169,4.0,6,18
3286,517,4.0,6,18
3287,355,4.0,6,18
3288,340,4.0,6,18
3289,295,4.5,6,18
3290,205,4.0,6,18
3291,705,4.0,6,18
3292,107,4.5,1,5
3293,197,4.0,1,5
3294,82,5.0,1,5
3295,186,4.5,1,5
3296,196,4.0,1,5
3297,246,5.0,1,5
3298,58,4.5,1,5
3299,55,3.5,1,5
3300,86,4.5,1,5
3301,171,4.0,1,5
3302,109,4.0,1,5
3303,56,3.5,1,5
3304,25,3.0,1,5
3305,295,3.5,4,9
3306,328,4.0,4,9
3307,519,4.0,4,9
3308,306,4.0,4,9
3309,362,5.0,4,9
3310,126,4.0,4,9
3311,452,4.0,4,9
3312,83,4.5,4,9
3313,192,4.5,4,9
3314,113,4.5,4,9
3315,190,3.5,4,9
3316,301,4.0,4,9
3317,443,3.5,4,9
3318,117,3.5,4,9
3319,228,3.5,4,9
3320,234,4.0,4,9
3321,56,4.5,4,9
3322,17,4.0,4,9
3323,125,3.0,4,9
3324,21,5.0,4,9
3325,403,4.5,2,6
3326,196,4.5,2,6
3327,296,4.0,2,6
3328,226,4.5,2,6
3329,75,5.0,2,6
3330,109,4.5,2,6
3331,104,4.0,2,6
3332,28,4.5,2,6
3333,12,4.5,2,6
3334,56,3.5,2,6
3335,70,3.5,2,6
3336,34,3.5,2,6
3337,51,4.0,2,6
3338,62,4.0,2,6
3339,104,2.5,2,6
3340,18,4.0,2,6
3341,31,2.0,2,6
3342,114,4.5,2,7
3343,434,4.0,2,7
3344,703,3.5,2,7
3345,115,3.5,2,7
3346,286,4.0,2,7
3347,237,4.0,2,7
3348,247,4.0,2,7
3349,270,4.0,2,7
3350,299,4.0,2,7
3351,71,3.5,2,7
3352,105,4.5,2,7
3353,171,4.0,2,7
3354,332,4.5,2,7
3355,487,3.5,2,7
3356,21,4.5,2,7
3357,206,4.0,2,7
3358,137,4.5,2,7
3359,138,4.0,2,7
3360,111,4.0,2,7
3361,112,3.5,2,7
3362,237,4.0,1,9
3363,74,5.0,1,9
3364,51,3.0,1,9
3365,4,3.0,1,9
3366,131,4.5,1,6
3367,852,4.0,1,6
3368,152,3.5,1,6
3369,37,4.0,1,6
3370,105,4.0,1,6
3371,12,4.0,1,6
3372,205,4.0,1,6
3373,70,4.5,1,6
3374,60,3.0,1,6
3375,180,4.0,1,6
3376,94,4.5,1,6
3377,206,3.0,1,6
3378,8,4.5,1,6
3379,186,2.5,1,6
3380,25,2.5,1,6
3381,162,3.0,1,6
3382,39,4.0,1,6
3383,134,2.0,1,6
3384,47,2.5,1,6
3385,42,1.5,1,6
3386,314,4.5,0,7
3387,314,4.5,0,7
3388,72,3.5,0,7
3389,72,3.5,0,7
3390,50,3.0,0,7
3391,50,3.0,0,7
3392,124,3.0,0,7
3393,124,3.0,0,7
3394,17,3.5,0,7
3395,17,3.5,0,7
3396,1,3.0,0,7
3397,1,3.0,0,7
3398,116,4.0,4,8
3399,234,5.0,4,8
3400,156,4.5,4,8
3401,38,4.5,4,8
3402,318,4.0,4,8
3403,245,4.5,4,8
3404,229,4.5,4,8
3405,161,4.0,4,8
3406,50,4.5,4,8
3407,94,4.5,4,8
3408,136,4.0,4,8
3409,234,4.0,4,8
3410,53,4.5,4,8
3411,64,4.0,4,8
3412,65,3.5,4,8
3413,17,4.0,4,8
3414,2,5.0,4,8
3415,11,3.5,4,8
3416,220,4.0,6,14
3417,105,4.0,6,14
3418,101,4.0,6,14
3419,268,3.5,6,14
3420,133,4.5,6,14
3421,67,3.0,6,14
3422,102,3.0,6,14
3423,37,4.0,6,14
3424,49,3.0,6,14
3425,23,4.0,6,14
3426,14,3.5,6,14
3427,27,1.5,6,14
3428,43,3.0,6,14
3429,35,2.5,6,14
3430,20,3.5,6,14
3431,4,2.5,6,14
3432,16,3.0,6,14
3433,3,3.0,6,14
3434,57,4.0,4,8
3435,948,4.0,2,4
3436,332,4.0,2,4
3437,69,4.5,2,4
3438,262,4.5,2,4
3439,74,4.0,2,4
3440,226,3.0,2,4
3441,13,5.0,2,4
3442,79,4.0,2,4
3443,377,4.5,2,4
3444,47,4.0,2,4
3445,46,4.0,2,4
3446,133,2.5,2,4
3447,100,4.5,2,4
3448,143,3.0,2,4
3449,83,4.5,2,4
3450,196,3.5,2,4
3451,87,4.0,2,4
3452,200,3.5,2,4
3453,95,4.5,2,4
3454,23,4.5,2,4
3455,243,4.0,3,6
3456,81,4.0,3,6
3457,81,3.5,3,6
3458,30,4.0,3,6
3459,586,4.0,3,6
3460,52,3.5,3,6
3461,155,3.5,3,6
3462,87,4.5,3,6
3463,299,4.0,3,6
3464,69,3.0,3,6
3465,544,3.5,3,6
3466,108,3.5,3,6
3467,98,4.5,3,6
3468,352,3.0,3,6
3469,30,5.0,3,6
3470,21,2.0,3,6
3471,340,3.5,3,6
3472,35,4.0,3,6
3473,114,3.5,3,6
3474,96,4.0,3,6
3475,13,4.0,0,5
3476,73,5.0,2,2
3477,5,5.0,2,2
3478,0,0.0,2,2
3479,105,4.5,1,7
3480,116,4.5,1,7
3481,135,4.0,1,7
3482,205,4.5,1,7
3483,150,4.5,1,7
3484,22,4.0,1,7
3485,107,4.5,1,7
3486,116,4.5,1,7
3487,138,4.5,1,7
3488,80,5.0,1,7
3489,35,4.5,1,7
3490,244,4.5,1,7
3491,33,4.5,1,7
3492,133,4.5,1,7
3493,32,4.5,1,7
3494,40,4.0,1,7
3495,48,4.5,1,7
3496,45,4.5,1,7
3497,155,4.5,1,7
3498,28,5.0,1,7
3499,171,4.0,1,6
3500,126,3.5,1,6
3501,16,5.0,1,6
3502,20,3.0,1,6
3503,0,0.0,1,6
3504,4,3.0,1,6
3505,0,0.0,1,6
3506,2,2.5,1,6
3507,6,3.5,1,6
3508,299,4.0,0,7
3509,299,4.0,0,7
3510,62,4.0,0,7
3511,62,4.0,0,7
3512,206,4.0,0,7
3513,206,4.0,0,7
3514,340,3.5,0,7
3515,340,3.5,0,7
3516,237,3.5,0,7
3517,237,3.5,0,7
3518,33,3.5,0,7
3519,33,3.5,0,7
3520,332,4.5,0,7
3521,332,4.5,0,7
3522,434,4.0,0,7
3523,434,4.0,0,7
3524,586,4.0,0,7
3525,586,4.0,0,7
3526,69,4.0,0,7
3527,69,4.0,0,7
3528,155,3.5,0,7
3529,155,3.5,0,7
3530,286,4.0,0,7
3531,286,4.0,0,7
3532,171,4.0,0,7
3533,171,4.0,0,7
3534,243,4.0,0,7
3535,243,4.0,0,7
3536,247,4.0,0,7
3537,247,4.0,0,7
3538,352,3.0,0,7
3539,352,3.0,0,7
3540,270,4.0,0,7
3541,270,4.0,0,7
3542,115,3.5,0,7
3543,115,3.5,0,7
3544,112,3.5,0,7
3545,112,3.5,0,7
3546,87,4.5,0,7
3547,87,4.5,0,7
3548,3427,4.0,5,5
3549,178,4.5,5,5
3550,925,4.5,5,5
3551,306,4.0,5,5
3552,517,4.0,5,5
3553,904,4.5,5,5
3554,779,4.0,5,5
3555,3202,4.5,5,5
3556,328,4.0,5,5
3557,126,4.0,5,5
3558,576,4.5,5,5
3559,499,4.0,5,5
3560,290,3.5,5,5
3561,278,4.0,5,5
3562,519,4.0,5,5
3563,1812,4.0,5,5
3564,2409,4.5,5,5
3565,1971,4.0,5,5
3566,3285,4.0,5,5
3567,625,4.0,5,5
3568,219,4.5,1,16
3569,1299,4.5,1,16
3570,481,4.0,1,16
3571,273,4.5,1,16
3572,389,4.5,1,16
3573,38,4.5,1,16
3574,321,4.0,1,16
3575,130,2.5,1,16
3576,119,3.5,1,16
3577,1221,3.5,1,16
3578,82,3.0,1,16
3579,42,4.5,1,16
3580,657,4.0,1,16
3581,347,3.5,1,16
3582,198,3.0,1,16
3583,380,4.5,1,16
3584,369,4.0,1,16
3585,296,3.0,1,16
3586,219,3.0,1,16
3587,218,3.0,1,16
3588,1,1.0,3,9
3589,11,3.0,3,9
3590,841,4.5,2,6
3591,1110,4.5,2,6
3592,194,4.5,2,6
3593,8257,4.5,2,6
3594,507,4.5,2,6
3595,511,4.5,2,6
3596,555,4.0,2,6
3597,629,4.5,2,6
3598,541,4.0,2,6
3599,1288,4.0,2,6
3600,121,4.5,2,6
3601,111,4.5,2,6
3602,448,4.0,2,6
3603,441,4.0,2,6
3604,106,4.5,2,6
3605,569,4.0,2,6
3606,215,4.0,2,6
3607,170,4.5,2,6
3608,576,4.0,2,6
3609,457,4.0,2,6
3610,125,4.0,1,9
3611,74,4.5,1,9
3612,50,4.5,1,9
3613,109,5.0,1,9
3614,47,5.0,1,9
3615,52,4.5,1,9
3616,29,4.0,1,9
3617,103,4.5,1,9
3618,53,1.5,1,9
3619,32,3.5,1,9
3620,2,1.5,1,9
3621,146,5.0,0,5
3622,74,4.5,0,5
3623,109,4.5,0,5
3624,295,4.0,0,5
3625,67,4.0,0,5
3626,599,3.5,0,5
3627,67,3.5,0,5
3628,77,3.0,0,5
3629,26,5.0,0,5
3630,18,3.0,0,5
3631,56,2.0,0,5
3632,173,4.0,4,8
3633,55,4.5,4,8
3634,251,3.5,4,8
3635,74,4.0,4,8
3636,55,4.5,4,8
3637,39,5.0,4,8
3638,278,4.0,4,8
3639,207,4.0,4,8
3640,71,4.0,4,8
3641,52,4.5,4,8
3642,102,4.5,4,8
3643,13,2.5,4,8
3644,95,4.5,1,5
3645,364,4.0,1,5
3646,233,4.5,1,5
3647,563,3.5,1,5
3648,524,4.0,1,5
3649,471,4.0,1,5
3650,475,4.5,1,5
3651,41,4.5,1,5
3652,77,5.0,1,5
3653,210,4.0,1,5
3654,356,4.0,1,5
3655,108,4.5,1,5
3656,105,4.5,1,5
3657,72,4.5,1,5
3658,171,4.0,1,5
3659,38,2.0,1,5
3660,158,4.5,1,5
3661,202,4.0,1,5
3662,73,4.5,1,5
3663,42,4.5,1,5
3664,79,4.0,1,16
3665,948,4.0,1,16
3666,262,4.5,1,16
3667,589,4.0,1,16
3668,74,4.0,1,16
3669,377,4.5,1,16
3670,83,4.5,1,16
3671,200,3.5,1,16
3672,69,4.5,1,16
3673,332,4.0,1,16
3674,50,3.5,1,16
3675,168,3.5,1,16
3676,363,4.0,1,16
3677,28,4.0,1,16
3678,137,3.5,1,16
3679,34,4.0,1,16
3680,67,4.5,1,16
3681,75,3.5,1,16
3682,87,4.0,1,16
3683,226,3.0,1,16
3684,30,5.0,0,3
3685,897,3.5,0,3
3686,288,3.5,0,3
3687,165,3.5,0,3
3688,586,4.0,0,3
3689,138,3.5,0,3
3690,193,4.0,0,3
3691,98,4.5,0,3
3692,243,4.0,0,3
3693,13,4.5,0,3
3694,357,4.0,0,3
3695,176,3.0,0,3
3696,96,3.5,0,3
3697,544,3.5,0,3
3698,87,4.5,0,3
3699,62,3.5,0,3
3700,108,3.5,0,3
3701,64,1.5,0,3
3702,81,4.0,0,3
3703,35,4.0,0,3
3704,841,4.5,0,3
3705,111,4.5,0,3
3706,1110,4.5,0,3
3707,84,4.5,0,3
3708,507,4.5,0,3
3709,121,4.5,0,3
3710,194,4.5,0,3
3711,511,4.5,0,3
3712,541,4.0,0,3
3713,448,4.0,0,3
3714,527,4.0,0,3
3715,138,4.5,0,3
3716,68,4.5,0,3
3717,569,4.0,0,3
3718,339,4.5,0,3
3719,243,4.0,0,3
3720,569,3.5,0,3
3721,325,4.5,0,3
3722,214,3.5,0,3
3723,499,4.0,0,3
3724,107,4.5,1,7
3725,186,4.5,1,7
3726,56,3.5,1,7
3727,182,4.5,1,7
3728,82,5.0,1,7
3729,346,4.0,1,7
3730,300,4.0,1,7
3731,86,4.5,1,7
3732,151,3.5,1,7
3733,140,4.0,1,7
3734,58,4.5,1,7
3735,28,4.0,1,7
3736,109,4.0,1,7
3737,55,3.5,1,7
3738,93,3.5,1,7
3739,57,2.0,1,7
3740,25,3.0,1,7
3741,2208,4.5,2,6
3742,424,4.5,2,6
3743,109,4.5,2,6
3744,403,4.5,2,6
3745,384,4.0,2,6
3746,122,4.5,2,6
3747,83,4.0,2,6
3748,221,4.5,2,6
3749,196,4.5,2,6
3750,483,4.0,2,6
3751,51,4.0,2,6
3752,296,4.0,2,6
3753,131,4.0,2,6
3754,226,4.5,2,6
3755,111,4.0,2,6
3756,107,4.5,2,6
3757,104,4.0,2,6
3758,12,4.5,2,6
3759,367,4.0,2,6
3760,360,4.0,2,6
3761,206,4.0,6,9
3762,139,3.5,6,9
3763,241,4.0,6,9
3764,55,4.0,6,9
3765,170,4.0,6,9
3766,71,2.0,6,9
